Risk,Plugin Output,FQDN
,"The remote clock is synchronized with the local clock.
",masoolin-vm-u22.habana-labs.com
,,masoolin-vm-u22.habana-labs.com
,"
SSH version : SSH-2.0-OpenSSH_8.9p1 Ubuntu-3ubuntu0.3
SSH supported authentication : publickey,password
",masoolin-vm-u22.habana-labs.com
,"For your information, here is the traceroute from 10.111.2.200 to 10.111.59.72 : 
10.111.2.200
10.111.2.1
10.111.59.72

Hop Count: 2
",masoolin-vm-u22.habana-labs.com
,"The remote SSH daemon supports the following versions of the
SSH protocol :

  - 1.99
  - 2.0
",masoolin-vm-u22.habana-labs.com
,"
  An NTP service has been discovered, listening on port 123.

  No sensitive information has been disclosed.

  Version : unknown
",masoolin-vm-u22.habana-labs.com
,"
The following RPC services are available on UDP port 41433 :

 - program: 100021 (nlockmgr), version: 1
 - program: 100021 (nlockmgr), version: 3
 - program: 100021 (nlockmgr), version: 4
",masoolin-vm-u22.habana-labs.com
,"
The following RPC services are available on TCP port 111 :

 - program: 100000 (portmapper), version: 4
 - program: 100000 (portmapper), version: 3
 - program: 100000 (portmapper), version: 2
",masoolin-vm-u22.habana-labs.com
,"
The following RPC services are available on TCP port 44575 :

 - program: 100021 (nlockmgr), version: 1
 - program: 100021 (nlockmgr), version: 3
 - program: 100021 (nlockmgr), version: 4
",masoolin-vm-u22.habana-labs.com
,"
The following RPC services are available on TCP port 39641 :

 - program: 100024 (status), version: 1
",masoolin-vm-u22.habana-labs.com
,"
The following RPC services are available on UDP port 111 :

 - program: 100000 (portmapper), version: 4
 - program: 100000 (portmapper), version: 3
 - program: 100000 (portmapper), version: 2
",masoolin-vm-u22.habana-labs.com
,"
The following RPC services are available on UDP port 55530 :

 - program: 100024 (status), version: 1
",masoolin-vm-u22.habana-labs.com
,"
Remote operating system : Linux Kernel 5.15.0-75-generic on Ubuntu 22.04
Confidence level : 100
Method : LinuxDistribution

Not all fingerprints could give a match. If you think some or all of
the following could be used to identify the host's operating system,
please email them to os-signatures@nessus.org. Be sure to include a
brief description of the host itself, such as the actual operating
system or product / model names.

SSH:!:SSH-2.0-OpenSSH_8.9p1 Ubuntu-3ubuntu0.3
uname:Linux masoolin-vm-u22 5.15.0-75-generic #82-Ubuntu SMP Tue Jun 6 23:10:23 UTC 2023 x86_64 x86_64 x86_64 GNU/Linux

NTP:!:unknown
SinFP:!:
   P1:B10113:F0x12:W64240:O0204ffff:M1420:
   P2:B10113:F0x12:W65160:O0204ffff0402080affffffff4445414401030307:M1420:
   P3:B00000:F0x00:W0:O0:M0
   P4:190504_7_p=22R

 
The remote host is running Linux Kernel 5.15.0-75-generic on Ubuntu 22.04",masoolin-vm-u22.habana-labs.com
,"
10.111.59.72 resolves as masoolin-vm-u22.habana-labs.com.
",masoolin-vm-u22.habana-labs.com
,"Information about this scan : 

Nessus version : 10.5.4
Nessus build : 20013
Plugin feed version : 202309051007
Scanner edition used : Nessus
Scanner OS : LINUX
Scanner distribution : ubuntu1404-x86-64
Scan type : Normal
Scan name : ma_Habana_new_scanoscnyzyjte
Scan policy used : Advanced Network Scan
Scanner IP : 10.111.2.200

WARNING : No port scanner was enabled during the scan. This may
lead to incomplete results.

Port range : default
Ping RTT : Unavailable
Thorough tests : no
Experimental tests : no
Plugin debugging enabled : no
Paranoia level : 1
Report verbosity : 1
Safe checks : yes
Optimize the test : yes
Credentialed checks : yes, as 'root' via ssh
Attempt Least Privilege : no
Patch management checks : None
Display superseded patches : yes (supersedence plugin launched)
CGI scanning : disabled
Web application tests : disabled
Max hosts : 100
Max checks : 5
Recv timeout : 5
Backports : None
Allow post-scan editing : Yes
Nessus Plugin Signature Checking : Enabled
Audit File Signature Checking : Disabled
Scan duration : unknown
Scan for malware : no
",masoolin-vm-u22.habana-labs.com
,"
The remote host is a VMware virtual machine.
",masoolin-vm-u22.habana-labs.com
,"
Here is the list of packages installed on the remote Debian Linux system : 

  ii   accountsservice  22.07.5-2ubuntu1.4  amd64  query and manipulate user account information
  ii   accountwizard  4:21.12.3-0ubuntu1  amd64  wizard for KDE PIM applications account setup
  ii   acl  2.3.1-1  amd64  access control list - utilities
  ii   acpi-support  0.144  amd64  scripts for handling many ACPI events
  ii   acpid  1:2.0.33-1ubuntu1  amd64  Advanced Configuration and Power Interface event daemon
  ii   adcli  0.9.1-1ubuntu2  amd64  Tool for performing actions on an Active Directory domain
  ii   adduser  3.118ubuntu5  all  add and remove users and groups
  ii   adwaita-icon-theme  41.0-1ubuntu1  all  default icon theme of GNOME (small subset)
  ii   aisleriot  1:3.22.22-1  amd64  GNOME solitaire card game collection
  ii   akonadi-backend-mysql  4:21.12.3-0ubuntu3  all  MySQL storage backend for Akonadi
  ii   akonadi-server  4:21.12.3-0ubuntu3  amd64  Akonadi PIM storage service
  ii   akregator  4:21.12.3-0ubuntu1  amd64  RSS/Atom feed aggregator
  ii   alsa-base  1.0.25+dfsg-0ubuntu7  all  ALSA driver configuration files
  ii   alsa-topology-conf  1.2.5.1-2  all  ALSA topology configuration files
  ii   alsa-ucm-conf  1.2.6.3-1ubuntu1.6  all  ALSA Use Case Manager configuration files
  ii   alsa-utils  1.2.6-1ubuntu1  amd64  Utilities for configuring and using ALSA
  rc   amd64-microcode  3.20191218.1ubuntu2  amd64  Processor microcode firmware for AMD CPUs
  ii   anacron  2.3-31ubuntu2  amd64  cron-like program that doesn't go by time
  ii   ansible  2.10.7+merged+base+2.10.8+dfsg-1  all  Configuration management, deployment, and task execution system
  ii   apg  2.2.3.dfsg.1-5build2  amd64  Automated Password Generator - Standalone version
  ii   apparmor  3.0.4-2ubuntu2.2  amd64  user-space parser utility for AppArmor
  ii   appmenu-gtk-module-common  0.7.6-2  all  Common files for GtkMenuShell D-Bus exporter
  ii   appmenu-gtk3-module  0.7.6-2  amd64  GtkMenuShell D-Bus exporter (GTK+3.0)
  ii   apport  2.20.11-0ubuntu82.5  all  automatically generate crash reports for debugging
  ii   apport-gtk  2.20.11-0ubuntu82.5  all  GTK+ frontend for the apport crash report system
  ii   apport-symptoms  0.24  all  symptom scripts for apport
  ii   appstream  0.15.2-2  amd64  Software component metadata management
  ii   apt  2.4.10  amd64  commandline package manager
  ii   apt-config-icons  0.15.2-2  all  APT configuration snippet to enable icon downloads
  ii   apt-config-icons-hidpi  0.15.2-2  all  APT configuration snippet to enable HiDPI icon downloads
  ii   apt-config-icons-large  0.15.2-2  all  APT configuration snippet to enable large icon downloads
  ii   apt-config-icons-large-hidpi  0.15.2-2  all  APT configuration snippet to enable large HiDPI icon downloads
  ii   apt-transport-https  2.4.10  all  transitional package for https support
  ii   apt-utils  2.4.10  amd64  package management related utility programs
  ii   apt-xapian-index  0.51ubuntu1  all  maintenance and search tools for a Xapian index of Debian packages
  ii   aptdaemon  1.1.1+bzr982-0ubuntu39  all  transaction based package management service
  ii   aptdaemon-data  1.1.1+bzr982-0ubuntu39  all  data files for clients
  ii   apturl  0.5.2ubuntu22  amd64  install packages using the apt protocol - GTK+ frontend
  ii   apturl-common  0.5.2ubuntu22  amd64  install packages using the apt protocol - common data
  ii   ark  4:21.12.3-1ubuntu1  amd64  archive utility
  ii   aspell  0.60.8-4build1  amd64  GNU Aspell spell-checker
  ii   aspell-en  2018.04.16-0-1  all  English dictionary for GNU Aspell
  ii   at-spi2-core  2.44.0-3  amd64  Assistive Technology Service Provider Interface (dbus core)
  ii   attr  1:2.5.1-1build1  amd64  utilities for manipulating filesystem extended attributes
  ii   augeas-lenses  1.13.0-1  all  Set of lenses needed by libaugeas0 to parse config files
  ii   autoconf  2.71-2  all  automatic configure script builder
  ii   autofs  5.1.8-1ubuntu1.3  amd64  kernel-based automounter for Linux
  ii   autofs-ldap  5.1.8-1ubuntu1.3  amd64  LDAP map support for autofs
  ii   automake  1:1.16.5-1.3  all  Tool for generating GNU Standards-compliant Makefiles
  ii   autotools-dev  20220109.1  all  Update infrastructure for config.{guess,sub} files
  ii   avahi-autoipd  0.8-5ubuntu5.1  amd64  Avahi IPv4LL network address configuration daemon
  ii   avahi-daemon  0.8-5ubuntu5.1  amd64  Avahi mDNS/DNS-SD daemon
  ii   avahi-utils  0.8-5ubuntu5.1  amd64  Avahi browsing, publishing and discovery utilities
  ii   baloo-kf5  5.92.0-0ubuntu1  amd64  framework for searching and managing metadata
  ii   baobab  41.0-2  amd64  GNOME disk usage analyzer
  ii   base-files  12ubuntu4.3  amd64  Debian base system miscellaneous files
  ii   base-passwd  3.5.52build1  amd64  Debian base system master password and group files
  ii   bash  5.1-6ubuntu1  amd64  GNU Bourne Again SHell
  ii   bash-completion  1:2.11-5ubuntu1  all  programmable completion for the bash shell
  ii   bc  1.07.1-3build1  amd64  GNU bc arbitrary precision calculator language
  ii   bcache-tools  1.0.8-4ubuntu3  amd64  bcache userspace tools
  ii   bind9-dnsutils  1:9.18.12-0ubuntu0.22.04.2  amd64  Clients provided with BIND 9
  ii   bind9-host  1:9.18.12-0ubuntu0.22.04.2  amd64  DNS Lookup Utility
  ii   bind9-libs  1:9.18.12-0ubuntu0.22.04.2  amd64  Shared Libraries used by BIND 9
  ii   binfmt-support  2.2.1-2  amd64  Support for extra binary formats
  ii   binutils  2.38-4ubuntu2.3  amd64  GNU assembler, linker and binary utilities
  ii   binutils-common  2.38-4ubuntu2.3  amd64  Common files for the GNU assembler, linker and binary utilities
  ii   binutils-x86-64-linux-gnu  2.38-4ubuntu2.3  amd64  GNU binary utilities, for x86-64-linux-gnu target
  ii   bison  2:3.8.2+dfsg-1build1  amd64  YACC-compatible parser generator
  ii   blt  2.5.3+dfsg-4.1build2  amd64  graphics extension library for Tcl/Tk - run-time
  ii   bluedevil  4:5.24.7-0ubuntu0.1  amd64  KDE Bluetooth stack
  ii   bluez  5.64-0ubuntu1  amd64  Bluetooth tools and daemons
  ii   bluez-cups  5.64-0ubuntu1  amd64  Bluetooth printer driver for CUPS
  ii   bluez-obexd  5.64-0ubuntu1  amd64  bluez obex daemon
  ii   bolt  0.9.2-1  amd64  system daemon to manage thunderbolt 3 devices
  ii   boxes  2.1.1-2  amd64  textmode box- and comment drawing filter
  ii   branding-ubuntu  0.10  all  Replacement artwork with Ubuntu branding
  ii   breeze  4:5.24.7-0ubuntu0.1  amd64  Default Plasma theme (Metapackage)
  ii   breeze-cursor-theme  4:5.24.7-0ubuntu0.1  all  Default Plasma cursor theme
  ii   breeze-gtk-theme  5.24.4-0ubuntu1  amd64  GTK theme built to match KDE's Breeze
  ii   breeze-icon-theme  4:5.92.0-0ubuntu1  all  Default Plasma icon theme
  ii   brltty  6.4-4ubuntu3  amd64  Access software for a blind person using a braille display
  ii   bsd-mailx  8.1.2-0.20180807cvs-2build2  amd64  simple mail user agent
  ii   bsdextrautils  2.37.2-4ubuntu3  amd64  extra utilities from 4.4BSD-Lite
  ii   bsdmainutils  12.1.7+nmu3ubuntu2  all  Transitional package for more utilities from FreeBSD
  ii   bsdutils  1:2.37.2-4ubuntu3  amd64  basic utilities from 4.4BSD-Lite
  ii   btrfs-progs  5.16.2-1  amd64  Checksumming Copy on Write Filesystem utilities
  ii   bubblewrap  0.6.1-1  amd64  utility for unprivileged chroot and namespace manipulation
  ii   build-essential  12.9ubuntu3  amd64  Informational list of build-essential packages
  ii   bup  0.32-3build2  amd64  highly efficient file backup system based on git
  ii   bup-doc  0.32-3build2  all  highly efficient file backup system based on git (documentation)
  ii   busybox-initramfs  1:1.30.1-7ubuntu3  amd64  Standalone shell setup for initramfs
  ii   busybox-static  1:1.30.1-7ubuntu3  amd64  Standalone rescue shell with tons of builtin utilities
  ii   byobu  5.133-1  all  text window manager, shell multiplexer, integrated DevOps environment
  ii   bzip2  1.0.8-5build1  amd64  high-quality block-sorting file compressor - utilities
  ii   ca-certificates  20230311ubuntu0.22.04.1  all  Common CA certificates
  ii   ca-certificates-java  20190909ubuntu1.2  all  Common CA certificates (JKS keystore)
  ii   catdoc  1:0.95-5  amd64  text extractor for MS-Office files
  ii   ccache  4.5.1-1  amd64  Compiler cache for fast recompilation of C/C++ code
  ii   cheese  41.1-1build1  amd64  tool to take pictures and videos from your webcam
  ii   cheese-common  41.1-1build1  all  Common files for the Cheese tool to take pictures and videos
  ii   chrpath  0.16-2  amd64  Tool to edit the rpath in ELF binaries
  ii   clang  1:14.0-55~exp2  amd64  C, C++ and Objective-C compiler (LLVM based), clang binary
  ii   clang-14  1:14.0.0-1ubuntu1.1  amd64  C, C++ and Objective-C compiler
  ii   cloud-guest-utils  0.32-22-g45fe84a5-0ubuntu1  all  cloud guest utilities
  ii   cloud-init  23.2.2-0ubuntu0~22.04.1  all  initialization and customization tool for cloud instances
  ii   cloud-initramfs-copymods  0.47ubuntu1  all  copy initramfs modules into root filesystem for later use
  ii   cloud-initramfs-dyn-netconf  0.47ubuntu1  all  write a network interface file in /run for BOOTIF
  ii   cmake  3.22.1-1ubuntu1.22.04.1  amd64  cross-platform, open-source make system
  ii   cmake-data  3.22.1-1ubuntu1.22.04.1  all  CMake data files (modules, templates and documentation)
  ii   cmocka-doc  1.1.5-2  all  documentation for the CMocka unit testing framework
  ii   code  1.81.1-1691620686  amd64  Code editing. Redefined.
  ii   colord  1.4.6-1  amd64  system service to manage device colour profiles -- system daemon
  ii   colord-data  1.4.6-1  all  system service to manage device colour profiles -- data files
  ii   comerr-dev  2.1-1.46.5-2ubuntu1.1  amd64  common error description library - headers and static libraries
  ii   command-not-found  22.04.0  all  Suggest installation of packages in interactive bash sessions
  ii   console-setup  1.205ubuntu3  all  console font and keymap setup program
  ii   console-setup-linux  1.205ubuntu3  all  Linux specific part of console-setup
  ii   containerd.io  1.6.21-1  amd64  An open and reliable container runtime
  ii   coreutils  8.32-4.1ubuntu1  amd64  GNU core utilities
  ii   cowsay  3.03+dfsg2-8  all  configurable talking cow
  ii   cpio  2.13+dfsg-7  amd64  GNU cpio -- a program to manage archives of files
  ii   cpp  4:11.2.0-1ubuntu1  amd64  GNU C preprocessor (cpp)
  ii   cpp-11  11.4.0-1ubuntu1~22.04  amd64  GNU C preprocessor
  ii   cpp-12  12.3.0-1ubuntu1~22.04  amd64  GNU C preprocessor
  ii   cpp-9  9.5.0-1ubuntu1~22.04  amd64  GNU C preprocessor
  ii   cpu-checker  0.7-1.3build1  amd64  tools to help evaluate certain CPU (or BIOS) features
  ii   cracklib-runtime  2.9.6-3.4build4  amd64  runtime support for password checker library cracklib2
  ii   cron  3.0pl1-137ubuntu3  amd64  process scheduling daemon
  ii   cryptsetup  2:2.4.3-1ubuntu1.1  amd64  disk encryption support - startup scripts
  ii   cryptsetup-bin  2:2.4.3-1ubuntu1.1  amd64  disk encryption support - command line tools
  ii   cryptsetup-initramfs  2:2.4.3-1ubuntu1.1  all  disk encryption support - initramfs integration
  ii   cryptsetup-run  2:2.4.3-1ubuntu1.1  all  transitional dummy package for cryptsetup
  ii   cups  2.4.1op1-1ubuntu4.4  amd64  Common UNIX Printing System(tm) - PPD/driver support, web interface
  ii   cups-browsed  1.28.15-0ubuntu1.2  amd64  OpenPrinting CUPS Filters - cups-browsed
  ii   cups-bsd  2.4.1op1-1ubuntu4.4  amd64  Common UNIX Printing System(tm) - BSD commands
  ii   cups-client  2.4.1op1-1ubuntu4.4  amd64  Common UNIX Printing System(tm) - client programs (SysV)
  ii   cups-common  2.4.1op1-1ubuntu4.4  all  Common UNIX Printing System(tm) - common files
  ii   cups-core-drivers  2.4.1op1-1ubuntu4.4  amd64  Common UNIX Printing System(tm) - driverless printing
  ii   cups-daemon  2.4.1op1-1ubuntu4.4  amd64  Common UNIX Printing System(tm) - daemon
  ii   cups-filters  1.28.15-0ubuntu1.2  amd64  OpenPrinting CUPS Filters - Main Package
  ii   cups-filters-core-drivers  1.28.15-0ubuntu1.2  amd64  OpenPrinting CUPS Filters - Driverless printing
  ii   cups-ipp-utils  2.4.1op1-1ubuntu4.4  amd64  Common UNIX Printing System(tm) - IPP developer/admin utilities
  ii   cups-pk-helper  0.2.6-1ubuntu5  amd64  PolicyKit helper to configure cups with fine-grained privileges
  ii   cups-ppdc  2.4.1op1-1ubuntu4.4  amd64  Common UNIX Printing System(tm) - PPD manipulation utilities
  ii   cups-server-common  2.4.1op1-1ubuntu4.4  all  Common UNIX Printing System(tm) - server common files
  ii   curl  7.81.0-1ubuntu1.13  amd64  command line tool for transferring data with URL syntax
  ii   dash  0.5.11+git20210903+057cd650a4ed-3build1  amd64  POSIX-compliant shell
  ii   db-util  1:5.3.21~exp1ubuntu4  all  Berkeley Database Utilities
  ii   db5.3-util  5.3.28+dfsg1-0.8ubuntu3  amd64  Berkeley v5.3 Database Utilities
  ii   dbus  1.12.20-2ubuntu4.1  amd64  simple interprocess messaging system (daemon and utilities)
  ii   dbus-user-session  1.12.20-2ubuntu4.1  amd64  simple interprocess messaging system (systemd --user integration)
  ii   dbus-x11  1.12.20-2ubuntu4.1  amd64  simple interprocess messaging system (X11 deps)
  ii   dc  1.07.1-3build1  amd64  GNU dc arbitrary precision reverse-polish calculator
  ii   dconf-cli  0.40.0-3  amd64  simple configuration storage system - utilities
  ii   dconf-gsettings-backend  0.40.0-3  amd64  simple configuration storage system - GSettings back-end
  ii   dconf-service  0.40.0-3  amd64  simple configuration storage system - D-Bus service
  ii   dctrl-tools  2.24-3build2  amd64  Command-line tools to process Debian package information
  ii   debconf  1.5.79ubuntu1  all  Debian configuration management system
  ii   debconf-i18n  1.5.79ubuntu1  all  full internationalization support for debconf
  ii   debconf-kde-data  1.1.0-1  all  Debconf KDE data files
  ii   debconf-kde-helper  1.1.0-1  amd64  Debconf KDE GUI frontend tool
  ii   debianutils  5.5-1ubuntu2  amd64  Miscellaneous utilities specific to Debian
  ii   debootstrap  1.0.126+nmu1ubuntu0.2  all  Bootstrap a basic Debian system
  ii   deja-dup  42.9-1ubuntu3  amd64  Backup utility
  ii   desktop-base  11.0.3ubuntu1  all  common files for the Debian Desktop
  ii   desktop-file-utils  0.26-1ubuntu3  amd64  Utilities for .desktop files
  ii   device-tree-compiler  1.6.1-1  amd64  Device Tree Compiler for Flat Device Trees
  ii   dh-elpa-helper  2.0.9ubuntu1  all  helper package for emacs lisp extensions
  ii   dictionaries-common  1.28.14  all  spelling dictionaries - common utilities
  ii   diffutils  1:3.8-0ubuntu2  amd64  File comparison utilities
  ii   dirmngr  2.2.27-3ubuntu2.1  amd64  GNU privacy guard - network certificate management service
  ii   distro-info  1.1build1  amd64  provides information about the distributions' releases
  ii   distro-info-data  0.52ubuntu0.4  all  information about the distributions' releases (data files)
  ii   dkms  2.8.7-2ubuntu2.1  all  Dynamic Kernel Module Support Framework
  ii   dmeventd  2:1.02.175-2.1ubuntu4  amd64  Linux Kernel Device Mapper event daemon
  ii   dmidecode  3.3-3ubuntu0.1  amd64  SMBIOS/DMI table decoder
  ii   dmsetup  2:1.02.175-2.1ubuntu4  amd64  Linux Kernel Device Mapper userspace library
  ii   dmz-cursor-theme  0.4.5ubuntu1  all  Style neutral, scalable cursor theme
  ii   dns-root-data  2021011101  all  DNS root data including root zone and DNSSEC key
  ii   dnsmasq-base  2.86-1.1ubuntu0.3  amd64  Small caching DNS proxy and DHCP/TFTP server
  ii   docbook-xml  4.5-11  all  standard XML documentation system for software and systems
  ii   docbook-xsl  1.79.2+dfsg-1  all  stylesheets for processing DocBook XML to various output formats
  ii   docker-buildx-plugin  0.10.5-1~ubuntu.22.04~jammy  amd64  Docker Buildx cli plugin.
  ii   docker-ce  5:24.0.5-1~ubuntu.22.04~jammy  amd64  Docker: the open-source application container engine
  ii   docker-ce-cli  5:24.0.5-1~ubuntu.22.04~jammy  amd64  Docker CLI: the open-source application container engine
  ii   docker-ce-rootless-extras  5:24.0.2-1~ubuntu.22.04~jammy  amd64  Rootless support for Docker.
  ii   docker-compose-plugin  2.18.1-1~ubuntu.22.04~jammy  amd64  Docker Compose (V2) plugin for the Docker CLI.
  ii   dolphin  4:21.12.3-0ubuntu1  amd64  file manager
  ii   dosfstools  4.2-1build3  amd64  utilities for making and checking MS-DOS FAT filesystems
  ii   dpkg  1.21.1ubuntu2.2  amd64  Debian package management system
  ii   dpkg-dev  1.21.1ubuntu2.2  all  Debian package development tools
  ii   dragonplayer  4:21.12.3-0ubuntu1  amd64  simple video player
  ii   drkonqi  5.24.5-0ubuntu0.1  amd64  Crash handler for Qt applications
  ii   duplicity  0.8.21-1build1  amd64  encrypted bandwidth-efficient backup
  ii   e2fsprogs  1.46.5-2ubuntu1.1  amd64  ext2/ext3/ext4 file system utilities
  ii   eatmydata  130-2build1  all  Library and utilities designed to disable fsync and friends
  ii   ed  1.18-1  amd64  classic UNIX line editor
  ii   eject  2.37.2-4ubuntu3  amd64  ejects CDs and operates CD-Changers under Linux
  ii   elementary-xfce-icon-theme  0.16-0ubuntu1  all  elementary icon theme modified for Xfce
  ii   emacsen-common  3.0.4  all  Common facilities for all emacsen
  ii   enchant-2  2.3.2-1ubuntu2  amd64  Wrapper for various spell checker engines (binary programs)
  ii   eog  42.0-1  amd64  Eye of GNOME graphics viewer program
  ii   espeak-ng-data  1.50+dfsg-10  amd64  Multi-lingual software speech synthesizer: speech data files
  ii   ethtool  1:5.16-1  amd64  display or change Ethernet device settings
  ii   evince  42.3-0ubuntu3  amd64  Document (PostScript, PDF) viewer
  ii   evince-common  42.3-0ubuntu3  all  Document (PostScript, PDF) viewer - common files
  ii   evolution-data-server  3.44.4-0ubuntu1.1  amd64  evolution database backend server
  ii   evolution-data-server-common  3.44.4-0ubuntu1.1  all  architecture independent files for Evolution Data Server
  ii   exfatprogs  1.1.3-1  amd64  tools to create, check and label exFAT filesystems
  ii   exo-utils  4.16.3-1ubuntu0.1~esm1  amd64  Utility files for libexo
  ii   extlinux  3:6.04~git20190206.bf6db5b4+dfsg1-3ubuntu1  amd64  collection of bootloaders (Linux ext2/ext3/ext4, btrfs, and xfs bootloader)
  ii   f2fs-tools  1.14.0-2build1  amd64  Tools for Flash-Friendly File System
  ii   fakeroot  1.28-1ubuntu1  amd64  tool for simulating superuser privileges
  ii   falcon-sensor  6.57.0-15402  amd64  The falcon-sensor package provides the Crowdstrike Falcon Sensor daemon and kernel modules.
  ii   fdisk  2.37.2-4ubuntu3  amd64  collection of partitioning utilities
  ii   ffmpegthumbs  4:21.12.3-0ubuntu1  amd64  video thumbnail generator using ffmpeg
  ii   figlet  2.2.5-3  amd64  Make large character ASCII banners out of ordinary text
  ii   file  1:5.41-3  amd64  Recognize the type of data in a file using ""magic"" numbers
  ii   file-roller  3.42.0-1  amd64  archive manager for GNOME
  ii   finalrd  9build1  all  final runtime directory for shutdown
  ii   findutils  4.8.0-1ubuntu3  amd64  utilities for finding files--find, xargs
  ii   firefox  117.0+build2-0ubuntu0.22.04.1~mt1  amd64  Safe and easy web browser from Mozilla
  ii   firefox-locale-en  117.0+build2-0ubuntu0.22.04.1~mt1  amd64  English language pack for Firefox
  ii   firmware-sof-signed  2.0-1ubuntu4.1  all  Intel SOF firmware - signed
  ii   flex  2.6.4-8build2  amd64  fast lexical analyzer generator
  ii   fontconfig  2.13.1-4.2ubuntu5  amd64  generic font configuration library - support binaries
  ii   fontconfig-config  2.13.1-4.2ubuntu5  all  generic font configuration library - configuration
  ii   fonts-beng  2:1.3  all  Metapackage to install Bengali and Assamese fonts
  ii   fonts-beng-extra  3.2.1-1  all  TrueType fonts for Bengali language
  ii   fonts-dejavu-core  2.37-2build1  all  Vera font family derivate with additional characters
  ii   fonts-dejavu-extra  2.37-2build1  all  Vera font family derivate with additional characters (extra variants)
  ii   fonts-deva  2:1.3  all  Meta package to install all Devanagari fonts
  ii   fonts-deva-extra  3.0-5  all  Free fonts for Devanagari script
  ii   fonts-droid-fallback  1:6.0.1r16-1.1build1  all  handheld device font with extensive style and language support (fallback)
  ii   fonts-freefont-ttf  20120503-10build1  all  Freefont Serif, Sans and Mono Truetype fonts
  ii   fonts-gargi  2.0-5  all  OpenType Devanagari font
  ii   fonts-gubbi  1.3-5build1  all  Gubbi free font for Kannada script
  ii   fonts-gujr  2:1.4  all  Meta package to install all Gujarati fonts
  ii   fonts-gujr-extra  1.0.1-1  all  Free fonts for Gujarati script
  ii   fonts-guru  2:1.3  all  Meta package to install all Punjabi fonts
  ii   fonts-guru-extra  2.0-5  all  Free fonts for Punjabi language
  ii   fonts-hack  3.003-3  all  Typeface designed for source code
  ii   fonts-indic  2:1.4  all  Meta package to install all Indian language fonts
  ii   fonts-kacst  2.01+mry-15  all  KACST free TrueType Arabic fonts
  ii   fonts-kacst-one  5.0+svn11846-10  all  TrueType font designed for Arabic language
  ii   fonts-kalapi  1.0-4  all  Kalapi Gujarati Unicode font
  ii   fonts-khmeros-core  5.0-9ubuntu1  all  KhmerOS Unicode fonts for the Khmer language of Cambodia
  ii   fonts-knda  2:1.3  all  Meta package for Kannada fonts
  ii   fonts-lao  0.0.20060226-10ubuntu2  all  TrueType font for Lao language
  ii   fonts-lato  2.0-2.1  all  sans-serif typeface family font
  ii   fonts-liberation  1:1.07.4-11  all  Fonts with the same metrics as Times, Arial and Courier
  ii   fonts-liberation2  2.1.5-1  all  Fonts with the same metrics as Times, Arial and Courier (v2)
  ii   fonts-lklug-sinhala  0.6-4  all  Unicode Sinhala font by Lanka Linux User Group
  ii   fonts-lohit-beng-assamese  2.91.5-2  all  Lohit TrueType font for Assamese Language
  ii   fonts-lohit-beng-bengali  2.91.5-2  all  Lohit TrueType font for Bengali Language
  ii   fonts-lohit-deva  2.95.4-4  all  Lohit TrueType font for Devanagari script
  ii   fonts-lohit-gujr  2.92.4-4  all  Lohit TrueType font for Gujarati Language
  ii   fonts-lohit-guru  2.91.2-2build1  all  Lohit TrueType font for Punjabi Language
  ii   fonts-lohit-knda  2.5.4-3  all  Lohit TrueType font for Kannada Language
  ii   fonts-lohit-mlym  2.92.2-2  all  Lohit TrueType font for Malayalam Language
  ii   fonts-lohit-orya  2.91.2-2  all  Lohit TrueType font for Oriya Language
  ii   fonts-lohit-taml  2.91.3-2  all  Lohit TrueType font for Tamil Language
  ii   fonts-lohit-taml-classical  2.5.4-2  all  Lohit Tamil TrueType fonts for Tamil script
  ii   fonts-lohit-telu  2.5.5-2build1  all  Lohit TrueType font for Telugu Language
  ii   fonts-lyx  2.3.6-1  all  TrueType versions of some TeX fonts used by LyX
  ii   fonts-mlym  2:1.3  all  Meta package to install all Malayalam fonts
  ii   fonts-nakula  1.0-4  all  Free Unicode compliant Devanagari font
  ii   fonts-navilu  1.2-3  all  Handwriting font for Kannada
  ii   fonts-noto-cjk  1:20220127+repack1-1  all  ""No Tofu"" font families with large Unicode coverage (CJK regular and bold)
  ii   fonts-noto-color-emoji  2.038-0ubuntu1  all  color emoji font from Google
  ii   fonts-noto-core  20201225-1build1  all  ""No Tofu"" font families with large Unicode coverage (core)
  ii   fonts-noto-hinted  20201225-1build1  all  obsolete metapackage to pull in a subset of Noto fonts
  ii   fonts-noto-mono  20201225-1build1  all  ""No Tofu"" monospaced font family with large Unicode coverage
  ii   fonts-noto-ui-core  20201225-1build1  all  ""No Tofu"" font families with large Unicode coverage (UI core)
  ii   fonts-noto-unhinted  20201225-1build1  all  ""No Tofu"" font families with large Unicode coverage (unhinted)
  ii   fonts-opensymbol  2:102.12+LibO7.3.7-0ubuntu0.22.04.3  all  OpenSymbol TrueType font
  ii   fonts-orya  2:1.3  all  Meta package to install all Odia fonts
  ii   fonts-orya-extra  2.0-6  all  Free fonts for Odia script
  ii   fonts-pagul  1.0-8  all  Free TrueType font for the Sourashtra language
  ii   fonts-quicksand  0.2016-2.1  all  sans-serif font with round attributes
  ii   fonts-sahadeva  1.0-5  all  Free Unicode compliant Devanagari font
  ii   fonts-samyak-deva  1.2.2-5build1  all  Samyak TrueType font for Devanagari script
  ii   fonts-samyak-gujr  1.2.2-5build1  all  Samyak TrueType font for Gujarati language
  ii   fonts-samyak-mlym  1.2.2-5build1  all  Samyak TrueType font for Malayalam language
  ii   fonts-samyak-taml  1.2.2-5build1  all  Samyak TrueType font for Tamil language
  ii   fonts-sarai  1.0-3  all  truetype font for devanagari script
  ii   fonts-sil-abyssinica  2.100-3  all  Ethiopic script font designed in a calligraphic style
  ii   fonts-sil-padauk  5.000-3  all  Burmese Unicode TrueType font with OpenType and Graphite support
  ii   fonts-smc  1:7.2  all  Metapackage for various TrueType fonts for Malayalam Language
  ii   fonts-smc-anjalioldlipi  7.1.2-2  all  AnjaliOldLipi malayalam font
  ii   fonts-smc-chilanka  1.540-1  all  Chilanka malayalam font
  ii   fonts-smc-dyuthi  3.0.2-2  all  Dyuthi malayalam font
  ii   fonts-smc-gayathri  1.110-2-1  all  Gayathri Malayalam font
  ii   fonts-smc-karumbi  1.1.2-2  all  Karumbi malayalam font
  ii   fonts-smc-keraleeyam  3.0.2-2  all  Keraleeyam malayalam font
  ii   fonts-smc-manjari  2.000-3  all  Manjari malayalam font
  ii   fonts-smc-meera  7.0.3-1  all  Meera malayalam font
  ii   fonts-smc-rachana  7.0.2-1build1  all  Rachana malayalam font
  ii   fonts-smc-raghumalayalamsans  2.2.1-1  all  RaghuMalayalamSans malayalam font
  ii   fonts-smc-suruma  3.2.3-1  all  Suruma malayalam font
  ii   fonts-smc-uroob  2.0.2-1  all  Uroob malayalam font
  ii   fonts-taml  2:1.4  all  Meta package to install all Tamil fonts
  ii   fonts-telu  2:1.3  all  Meta package to install all Telugu fonts
  ii   fonts-telu-extra  2.0-5  all  Free fonts for Telugu script
  ii   fonts-teluguvijayam  2.1-1  all  TrueType fonts for Telugu script (te)
  ii   fonts-thai-tlwg  1:0.7.3-1  all  Thai fonts maintained by TLWG (metapackage)
  ii   fonts-tibetan-machine  1.901b-6  all  font for Tibetan, Dzongkha and Ladakhi (OpenType Unicode)
  ii   fonts-tlwg-garuda  1:0.7.3-1  all  Thai Garuda font (dependency package)
  ii   fonts-tlwg-garuda-ttf  1:0.7.3-1  all  Thai Garuda TrueType font
  ii   fonts-tlwg-kinnari  1:0.7.3-1  all  Thai Kinnari font (dependency package)
  ii   fonts-tlwg-kinnari-ttf  1:0.7.3-1  all  Thai Kinnari TrueType font
  ii   fonts-tlwg-laksaman  1:0.7.3-1  all  Thai Laksaman font (dependency package)
  ii   fonts-tlwg-laksaman-ttf  1:0.7.3-1  all  Thai Laksaman TrueType font
  ii   fonts-tlwg-loma  1:0.7.3-1  all  Thai Loma font (dependency package)
  ii   fonts-tlwg-loma-ttf  1:0.7.3-1  all  Thai Loma TrueType font
  ii   fonts-tlwg-mono  1:0.7.3-1  all  Thai TlwgMono font (dependency package)
  ii   fonts-tlwg-mono-ttf  1:0.7.3-1  all  Thai TlwgMono TrueType font
  ii   fonts-tlwg-norasi  1:0.7.3-1  all  Thai Norasi font (dependency package)
  ii   fonts-tlwg-norasi-ttf  1:0.7.3-1  all  Thai Norasi TrueType font
  ii   fonts-tlwg-purisa  1:0.7.3-1  all  Thai Purisa font (dependency package)
  ii   fonts-tlwg-purisa-ttf  1:0.7.3-1  all  Thai Purisa TrueType font
  ii   fonts-tlwg-sawasdee  1:0.7.3-1  all  Thai Sawasdee font (dependency package)
  ii   fonts-tlwg-sawasdee-ttf  1:0.7.3-1  all  Thai Sawasdee TrueType font
  ii   fonts-tlwg-typewriter  1:0.7.3-1  all  Thai TlwgTypewriter font (dependency package)
  ii   fonts-tlwg-typewriter-ttf  1:0.7.3-1  all  Thai TlwgTypewriter TrueType font
  ii   fonts-tlwg-typist  1:0.7.3-1  all  Thai TlwgTypist font (dependency package)
  ii   fonts-tlwg-typist-ttf  1:0.7.3-1  all  Thai TlwgTypist TrueType font
  ii   fonts-tlwg-typo  1:0.7.3-1  all  Thai TlwgTypo font (dependency package)
  ii   fonts-tlwg-typo-ttf  1:0.7.3-1  all  Thai TlwgTypo TrueType font
  ii   fonts-tlwg-umpush  1:0.7.3-1  all  Thai Umpush font (dependency package)
  ii   fonts-tlwg-umpush-ttf  1:0.7.3-1  all  Thai Umpush TrueType font
  ii   fonts-tlwg-waree  1:0.7.3-1  all  Thai Waree font (dependency package)
  ii   fonts-tlwg-waree-ttf  1:0.7.3-1  all  Thai Waree TrueType font
  ii   fonts-ubuntu  0.83-6ubuntu1  all  sans-serif font set from Ubuntu
  ii   fonts-ubuntu-console  0.83-6ubuntu1  all  console version of the Ubuntu Mono font
  ii   fonts-urw-base35  20200910-1  all  font set metric-compatible with the 35 PostScript Level 2 Base Fonts
  ii   fonts-yrsa-rasa  2.005-1  all  Open-source, libre fonts for Latin + Gujarati
  ii   foomatic-db-compressed-ppds  20220223-0ubuntu1  all  OpenPrinting printer support - Compressed PPDs derived from the database
  ii   fprintd  1.94.2-1ubuntu0.22.04.1  amd64  D-Bus daemon for fingerprint reader access
  ii   frameworkintegration  5.92.0-0ubuntu1  amd64  KF5 cross-framework integration plugins
  ii   friendly-recovery  0.2.42  all  Make recovery boot mode more user-friendly
  ii   ftp  20210827-4build1  all  dummy transitional package for tnftp
  ii   fuse3  3.10.5-1build1  amd64  Filesystem in Userspace (3.x version)
  ii   fwupd  1.7.9-1~22.04.1  amd64  Firmware update daemon
  ii   fwupd-signed  1.51~22.04.1+1.2-3ubuntu0.2  amd64  Linux Firmware Updater EFI signed binary
  ii   g++  4:11.2.0-1ubuntu1  amd64  GNU C++ compiler
  ii   g++-11  11.4.0-1ubuntu1~22.04  amd64  GNU C++ compiler
  ii   g++-12  12.3.0-1ubuntu1~22.04  amd64  GNU C++ compiler
  ii   g++-9  9.5.0-1ubuntu1~22.04  amd64  GNU C++ compiler
  ii   gamemode  1.6.1-1build2  amd64  Optimise Linux system performance on demand
  ii   gamemode-daemon  1.6.1-1build2  amd64  Optimise Linux system performance on demand (daemon)
  ii   gamin  0.1.10-6  amd64  File and directory monitoring system
  ii   gawk  1:5.1.0-1build3  amd64  GNU awk, a pattern scanning and processing language
  ii   gcc  4:11.2.0-1ubuntu1  amd64  GNU C compiler
  ii   gcc-10-base  10.5.0-1ubuntu1~22.04  amd64  GCC",masoolin-vm-u22.habana-labs.com
,An SSH server is running on this port.,masoolin-vm-u22.habana-labs.com
,"
The following IPv6 interfaces are set on the remote host :

 - fe80::250:56ff:fe80:3b82 (on interface ens160)
 - ::1 (on interface lo)
",masoolin-vm-u22.habana-labs.com
,"
The following IPv4 addresses are set on the remote host :

 - 172.17.0.1 (on interface docker0)
 - 10.111.59.72 (on interface ens160)
 - 127.0.0.1 (on interface lo)
",masoolin-vm-u22.habana-labs.com
,,masoolin-vm-u22.habana-labs.com
,"
  Process ID   : 1287
  Executable   : /usr/sbin/cups-browsed
  Command line : /usr/sbin/cups-browsed
",masoolin-vm-u22.habana-labs.com
,"
  Process ID   : 1
  Executable   : /usr/lib/systemd/systemd
  Command line : /sbin/init
",masoolin-vm-u22.habana-labs.com
,"
  Process ID   : 1138
  Executable   : /usr/sbin/rpc.statd
  Command line : /sbin/rpc.statd
",masoolin-vm-u22.habana-labs.com
,"
  Process ID   : 982
  Executable   : /usr/sbin/avahi-daemon
  Command line : avahi-daemon: running [masoolin-vm-u22.local]
",masoolin-vm-u22.habana-labs.com
,"
  Process ID   : 982
  Executable   : /usr/sbin/avahi-daemon
  Command line : avahi-daemon: running [masoolin-vm-u22.local]
",masoolin-vm-u22.habana-labs.com
,"
  Process ID   : 1138
  Executable   : /usr/sbin/rpc.statd
  Command line : /sbin/rpc.statd
",masoolin-vm-u22.habana-labs.com
,"
  Process ID   : 1247
  Executable   : /usr/sbin/sshd
  Command line : sshd: /usr/sbin/sshd -D [listener] 1 of 10-100 startups
",masoolin-vm-u22.habana-labs.com
,"
  Process ID   : 982
  Executable   : /usr/sbin/avahi-daemon
  Command line : avahi-daemon: running [masoolin-vm-u22.local]
",masoolin-vm-u22.habana-labs.com
,"
  Process ID   : 2910
  Executable   : /usr/lib/x86_64-linux-gnu/libexec/kdeconnectd
  Command line : /usr/lib/x86_64-linux-gnu/libexec/kdeconnectd
",masoolin-vm-u22.habana-labs.com
,"
  Process ID   : 1138
  Executable   : /usr/sbin/rpc.statd
  Command line : /sbin/rpc.statd
",masoolin-vm-u22.habana-labs.com
,"
  Process ID   : 1072
  Executable   : /usr/sbin/ntpd
  Command line : /usr/sbin/ntpd -p /var/run/ntpd.pid -g -u 136:139
",masoolin-vm-u22.habana-labs.com
,"
  Process ID   : 1071
  Executable   : /usr/bin/vncserver-x11-core
  Command line : /usr/bin/vncserver-x11-core -service
",masoolin-vm-u22.habana-labs.com
,"
  Process ID   : 1071
  Executable   : /usr/bin/vncserver-x11-core
  Command line : /usr/bin/vncserver-x11-core -service
",masoolin-vm-u22.habana-labs.com
,"
  Process ID   : 1
  Executable   : /usr/lib/systemd/systemd
  Command line : /sbin/init
",masoolin-vm-u22.habana-labs.com
,"
  Process ID   : 1138
  Executable   : /usr/sbin/rpc.statd
  Command line : /sbin/rpc.statd
",masoolin-vm-u22.habana-labs.com
,"
  Process ID   : 1061
  Executable   : /usr/bin/vncserver-virtuald
  Command line : /usr/bin/vncserver-virtuald -fg
",masoolin-vm-u22.habana-labs.com
,"
  Process ID   : 966
  Executable   : /usr/lib/systemd/systemd-networkd
  Command line : /lib/systemd/systemd-networkd
",masoolin-vm-u22.habana-labs.com
,"
  Process ID   : 2910
  Executable   : /usr/lib/x86_64-linux-gnu/libexec/kdeconnectd
  Command line : /usr/lib/x86_64-linux-gnu/libexec/kdeconnectd
",masoolin-vm-u22.habana-labs.com
,"
  Process ID   : 1061
  Executable   : /usr/bin/vncserver-virtuald
  Command line : /usr/bin/vncserver-virtuald -fg
",masoolin-vm-u22.habana-labs.com
,"
The following MAC addresses exist on the remote host :

  - 02:42:b9:bd:0f:e2 (interface docker0)
  - 00:50:56:80:3b:82 (interface ens160)
",masoolin-vm-u22.habana-labs.com
Low,"
The following running daemons are not managed by dpkg :

/usr/lib/systemd/systemd
/usr/lib/systemd/systemd-networkd
/usr/lib/systemd/systemd-resolved
/usr/sbin/rpc.statd
",masoolin-vm-u22.habana-labs.com
,"Version      : 6.00
Vendor       : Phoenix Technologies LTD
Release Date : 11/12/2020
UUID         : f8820042-0ed9-491d-b786-2fdcbc00d44f
Secure boot  : disabled
",masoolin-vm-u22.habana-labs.com
,"Chassis Information
  Serial Number : None
  Version       : N/A
  Manufacturer  : No Enclosure
  Lock          : Not Present
  Type          : Other

System Information
  Serial Number : VMware-42 00 82 f8 d9 0e 1d 49-b7 86 2f dc bc 00 d4 4f
  Version       : None
  Manufacturer  : VMware, Inc.
  Product Name  : VMware Virtual Platform
  Family        : Not Specified

",masoolin-vm-u22.habana-labs.com
,"
The following card manufacturers were identified :

00:50:56:80:3B:82 : VMware, Inc.
",masoolin-vm-u22.habana-labs.com
,"
The following global addresss were gathered :

  - ['ipv6': fe80::250:56ff:fe80:3b82]['scope': link]['scopeid': 0x20]['prefixlen': 64]
  - ['ipv6': ::1]['scope': host]['scopeid': 0x10]['prefixlen': 128]
",masoolin-vm-u22.habana-labs.com
,"
Nessus detected 8 processors :

Current Speed   : 2200 MHz
Version         : Intel(R) Xeon(R) Gold 5220R CPU @ 2.20GHz
Manufacturer    : GenuineIntel
External Clock  : Unknown
Status          : Populated, Enabled
Family          : Unknown
Type            : Central Processor

Current Speed   : 2200 MHz
Version         : Intel(R) Xeon(R) Gold 5220R CPU @ 2.20GHz
Manufacturer    : GenuineIntel
External Clock  : Unknown
Status          : Populated, Enabled
Family          : Unknown
Type            : Central Processor

Current Speed   : 2200 MHz
Version         : Intel(R) Xeon(R) Gold 5220R CPU @ 2.20GHz
Manufacturer    : GenuineIntel
External Clock  : Unknown
Status          : Populated, Enabled
Family          : Unknown
Type            : Central Processor

Current Speed   : 2200 MHz
Version         : Intel(R) Xeon(R) Gold 5220R CPU @ 2.20GHz
Manufacturer    : GenuineIntel
External Clock  : Unknown
Status          : Populated, Enabled
Family          : Unknown
Type            : Central Processor

Current Speed   : 2200 MHz
Version         : Intel(R) Xeon(R) Gold 5220R CPU @ 2.20GHz
Manufacturer    : GenuineIntel
External Clock  : Unknown
Status          : Populated, Enabled
Family          : Unknown
Type            : Central Processor

Current Speed   : 2200 MHz
Version         : Intel(R) Xeon(R) Gold 5220R CPU @ 2.20GHz
Manufacturer    : GenuineIntel
External Clock  : Unknown
Status          : Populated, Enabled
Family          : Unknown
Type            : Central Processor

Current Speed   : 2200 MHz
Version         : Intel(R) Xeon(R) Gold 5220R CPU @ 2.20GHz
Manufacturer    : GenuineIntel
External Clock  : Unknown
Status          : Populated, Enabled
Family          : Unknown
Type            : Central Processor

Current Speed   : 2200 MHz
Version         : Intel(R) Xeon(R) Gold 5220R CPU @ 2.20GHz
Manufacturer    : GenuineIntel
External Clock  : Unknown
Status          : Populated, Enabled
Family          : Unknown
Type            : Central Processor
",masoolin-vm-u22.habana-labs.com
,"
Total memory : 40960 MB",masoolin-vm-u22.habana-labs.com
,"
The remote operating system matched the following CPE : 

  cpe:/o:canonical:ubuntu_linux:22.04 -> Canonical Ubuntu Linux

Following application CPE's matched on the remote system : 

  cpe:/a:docker:docker:24.0.5 -> Docker
  cpe:/a:openbsd:openssh:8.9 -> OpenBSD OpenSSH
  x-cpe:/a:crowdstrike:falcon_sensor:6.57.0
",masoolin-vm-u22.habana-labs.com
,,masoolin-vm-u22.habana-labs.com
,"Remote device type : general-purpose
Confidence level : 100
",masoolin-vm-u22.habana-labs.com
,"
  Hostname : masoolin-vm-u22
    masoolin-vm-u22 (hostname command)",masoolin-vm-u22.habana-labs.com
,"
  reboot   system boot  5.15.0-75-generi Tue Aug 22 15:07   still running
  
  wtmp begins Thu Aug 17 00:24:30 2023",masoolin-vm-u22.habana-labs.com
,"

. You need to take the following 3 actions :


[ Ubuntu 18.04 ESM / 20.04 LTS / 22.04 LTS / 23.04 : Linux kernel vulnerabilities (USN-6193-1) (178653) ]

+ Action to take : Update the affected kernel package.


[ Ubuntu 20.04 LTS / 22.04 LTS : Linux kernel vulnerabilities (USN-6246-1) (178794) ]

+ Action to take : Update the affected kernel package.

+Impact : Taking this action will resolve 6 different vulnerabilities (CVEs).



[ Ubuntu 20.04 LTS / 22.04 LTS : Linux kernel vulnerabilities (USN-6315-1) (180259) ]

+ Action to take : Update the affected kernel package.


",masoolin-vm-u22.habana-labs.com
,"
Nessus negotiated the following encryption algorithm with the server : 

The server supports the following options for kex_algorithms : 

  curve25519-sha256
  curve25519-sha256@libssh.org
  diffie-hellman-group-exchange-sha256
  diffie-hellman-group14-sha256
  diffie-hellman-group16-sha512
  diffie-hellman-group18-sha512
  ecdh-sha2-nistp256
  ecdh-sha2-nistp384
  ecdh-sha2-nistp521
  sntrup761x25519-sha512@openssh.com

The server supports the following options for server_host_key_algorithms : 

  ecdsa-sha2-nistp256
  rsa-sha2-256
  rsa-sha2-512
  ssh-ed25519
  ssh-rsa

The server supports the following options for encryption_algorithms_client_to_server : 

  aes128-ctr
  aes128-gcm@openssh.com
  aes192-ctr
  aes256-ctr
  aes256-gcm@openssh.com
  chacha20-poly1305@openssh.com

The server supports the following options for encryption_algorithms_server_to_client : 

  aes128-ctr
  aes128-gcm@openssh.com
  aes192-ctr
  aes256-ctr
  aes256-gcm@openssh.com
  chacha20-poly1305@openssh.com

The server supports the following options for mac_algorithms_client_to_server : 

  hmac-sha1
  hmac-sha1-etm@openssh.com
  hmac-sha2-256
  hmac-sha2-256-etm@openssh.com
  hmac-sha2-512
  hmac-sha2-512-etm@openssh.com
  umac-128-etm@openssh.com
  umac-128@openssh.com
  umac-64-etm@openssh.com
  umac-64@openssh.com

The server supports the following options for mac_algorithms_server_to_client : 

  hmac-sha1
  hmac-sha1-etm@openssh.com
  hmac-sha2-256
  hmac-sha2-256-etm@openssh.com
  hmac-sha2-512
  hmac-sha2-512-etm@openssh.com
  umac-128-etm@openssh.com
  umac-128@openssh.com
  umac-64-etm@openssh.com
  umac-64@openssh.com

The server supports the following options for compression_algorithms_client_to_server : 

  none
  zlib@openssh.com

The server supports the following options for compression_algorithms_server_to_client : 

  none
  zlib@openssh.com
",masoolin-vm-u22.habana-labs.com
,"
Nessus found the following unlocked users with passwords that do not expire :
  - root
  - iteamuser
",masoolin-vm-u22.habana-labs.com
,"The following is a consolidated list of detected MAC addresses:
  - 02:42:B9:BD:0F:E2
  - 00:50:56:80:3B:82
",masoolin-vm-u22.habana-labs.com
,,masoolin-vm-u22.habana-labs.com
,"  Version: 24.0.5
  Version: 24.0.5
  Version: 1.6.21
  Version: 1.1.7
  Version: 0.19.0


There were no containers detected running on Docker.",masoolin-vm-u22.habana-labs.com
,"
----------[ User Accounts ]----------

User         : iteamuser
Home folder  : /home/iteamuser
Start script : /bin/bash
Groups       : lxd
               cdrom
               iteamuser
               sudo
               plugdev
               dip
               adm

User         : lxd
Home folder  : /var/snap/lxd/common/lxd
Start script : /bin/false
Groups       : users

User         : _rpc
Home folder  : /run/rpcbind
Start script : /usr/sbin/nologin
Groups       : nogroup

User         : statd
Home folder  : /var/lib/nfs
Start script : /usr/sbin/nologin
Groups       : nogroup

User         : kernoops
Home folder  : /
Start script : /usr/sbin/nologin
Groups       : nogroup

User         : cups-pk-helper
Home folder  : /home/cups-pk-helper
Start script : /usr/sbin/nologin
Groups       : lpadmin

User         : systemd-oom
Home folder  : /run/systemd
Start script : /usr/sbin/nologin
Groups       : systemd-oom

User         : rtkit
Home folder  : /proc
Start script : /usr/sbin/nologin
Groups       : rtkit

User         : whoopsie
Home folder  : /nonexistent
Start script : /bin/false
Groups       : whoopsie

User         : dnsmasq
Home folder  : /var/lib/misc
Start script : /usr/sbin/nologin
Groups       : nogroup

User         : avahi-autoipd
Home folder  : /var/lib/avahi-autoipd
Start script : /usr/sbin/nologin
Groups       : avahi-autoipd

User         : avahi
Home folder  : /run/avahi-daemon
Start script : /usr/sbin/nologin
Groups       : avahi

User         : geoclue
Home folder  : /var/lib/geoclue
Start script : /usr/sbin/nologin
Groups       : geoclue

User         : saned
Home folder  : /var/lib/saned
Start script : /usr/sbin/nologin
Groups       : saned
               scanner

User         : nm-openvpn
Home folder  : /var/lib/openvpn/chroot
Start script : /usr/sbin/nologin
Groups       : nm-openvpn

User         : colord
Home folder  : /var/lib/colord
Start script : /usr/sbin/nologin
Groups       : colord

User         : sssd
Home folder  : /var/lib/sss
Start script : /usr/sbin/nologin
Groups       : sssd

User         : pulse
Home folder  : /run/pulse
Start script : /usr/sbin/nologin
Groups       : pulse
               audio

User         : speech-dispatcher
Home folder  : /run/speech-dispatcher
Start script : /bin/false
Groups       : audio

User         : sddm
Home folder  : /var/lib/sddm
Start script : /bin/false
Groups       : sddm

User         : hplip
Home folder  : /run/hplip
Start script : /bin/false
Groups       : lp

User         : gnome-initial-setup
Home folder  : /run/gnome-initial-setup/
Start script : /bin/false
Groups       : nogroup

User         : gdm
Home folder  : /var/lib/gdm3
Start script : /bin/false
Groups       : gdm

User         : smmta
Home folder  : /var/lib/sendmail
Start script : /usr/sbin/nologin
Groups       : smmta

User         : smmsp
Home folder  : /var/lib/sendmail
Start script : /usr/sbin/nologin
Groups       : smmsp

User         : ntp
Home folder  : /nonexistent
Start script : /usr/sbin/nologin
Groups       : ntp

User         : Debian-snmp
Home folder  : /var/lib/snmp
Start script : /bin/false
Groups       : Debian-snmp

User         : fwupd-refresh
Home folder  : /run/systemd
Start script : /usr/sbin/nologin
Groups       : fwupd-refresh

----------[ System Accounts ]----------

User         : root
Home folder  : /root
Start script : /bin/bash
Groups       : root

User         : daemon
Home folder  : /usr/sbin
Start script : /usr/sbin/nologin
Groups       : daemon

User         : bin
Home folder  : /bin
Start script : /usr/sbin/nologin
Groups       : bin

User         : sys
Home folder  : /dev
Start script : /usr/sbin/nologin
Groups       : sys

User         : sync
Home folder  : /bin
Start script : /bin/sync
Groups       : nogroup

User         : games
Home folder  : /usr/games
Start script : /usr/sbin/nologin
Groups       : games

User         : man
Home folder  : /var/cache/man
Start script : /usr/sbin/nologin
Groups       : man

User         : lp
Home folder  : /var/spool/lpd
Start script : /usr/sbin/nologin
Groups       : lp

User         : mail
Home folder  : /var/mail
Start script : /usr/sbin/nologin
Groups       : mail

User         : news
Home folder  : /var/spool/news
Start script : /usr/sbin/nologin
Groups       : news

User         : uucp
Home folder  : /var/spool/uucp
Start script : /usr/sbin/nologin
Groups       : uucp

User         : proxy
Home folder  : /bin
Start script : /usr/sbin/nologin
Groups       : proxy

User         : www-data
Home folder  : /var/www
Start script : /usr/sbin/nologin
Groups       : www-data

User         : backup
Home folder  : /var/backups
Start script : /usr/sbin/nologin
Groups       : backup

User         : list
Home folder  : /var/list
Start script : /usr/sbin/nologin
Groups       : list

User         : irc
Home folder  : /run/ircd
Start script : /usr/sbin/nologin
Groups       : irc

User         : gnats
Home folder  : /var/lib/gnats
Start script : /usr/sbin/nologin
Groups       : gnats

User         : nobody
Home folder  : /nonexistent
Start script : /usr/sbin/nologin
Groups       : nogroup

User         : _apt
Home folder  : /nonexistent
Start script : /usr/sbin/nologin
Groups       : nogroup

User         : systemd-network
Home folder  : /run/systemd
Start script : /usr/sbin/nologin
Groups       : systemd-network

User         : systemd-resolve
Home folder  : /run/systemd
Start script : /usr/sbin/nologin
Groups       : systemd-resolve

User         : messagebus
Home folder  : /nonexistent
Start script : /usr/sbin/nologin
Groups       : messagebus

User         : systemd-timesync
Home folder  : /run/systemd
Start script : /usr/sbin/nologin
Groups       : systemd-timesync

User         : pollinate
Home folder  : /var/cache/pollinate
Start script : /bin/false
Groups       : daemon

User         : sshd
Home folder  : /run/sshd
Start script : /usr/sbin/nologin
Groups       : nogroup

User         : syslog
Home folder  : /home/syslog
Start script : /usr/sbin/nologin
Groups       : syslog
               adm

User         : uuidd
Home folder  : /run/uuidd
Start script : /usr/sbin/nologin
Groups       : uuidd

User         : tcpdump
Home folder  : /nonexistent
Start script : /usr/sbin/nologin
Groups       : tcpdump

User         : tss
Home folder  : /var/lib/tpm
Start script : /bin/false
Groups       : tss

User         : landscape
Home folder  : /var/lib/landscape
Start script : /usr/sbin/nologin
Groups       : landscape

User         : usbmux
Home folder  : /var/lib/usbmux
Start script : /usr/sbin/nologin
Groups       : plugdev

",masoolin-vm-u22.habana-labs.com
,"
It was possible to log into the remote host via SSH using 'publickey' authentication.

The output of ""uname -a"" is :
Linux masoolin-vm-u22 5.15.0-75-generic #82-Ubuntu SMP Tue Jun 6 23:10:23 UTC 2023 x86_64 x86_64 x86_64 GNU/Linux

Local checks have been enabled for this host.
The remote Debian system is :
bookworm/sid

This is a Ubuntu system

OS Security Patch Assessment is available for this host.
Runtime : 4.708484 seconds
",masoolin-vm-u22.habana-labs.com
,"USER         PID %CPU %MEM    VSZ   RSS TTY      STAT START   TIME COMMAND
root           1  0.1  0.0 168404 13940 ?        Ss   Aug22  40:18 /sbin/init
root           2  0.0  0.0      0     0 ?        S    Aug22   0:01 [kthreadd]
root           3  0.0  0.0      0     0 ?        I<   Aug22   0:00 [rcu_gp]
root           4  0.0  0.0      0     0 ?        I<   Aug22   0:00 [rcu_par_gp]
root           5  0.0  0.0      0     0 ?        I<   Aug22   0:00 [slub_flushwq]
root           6  0.0  0.0      0     0 ?        I<   Aug22   0:00 [netns]
root           8  0.0  0.0      0     0 ?        I<   Aug22   0:00 [kworker/0:0H-events_highpri]
root          10  0.0  0.0      0     0 ?        I<   Aug22   0:00 [mm_percpu_wq]
root          11  0.0  0.0      0     0 ?        S    Aug22   0:00 [rcu_tasks_rude_]
root          12  0.0  0.0      0     0 ?        S    Aug22   0:00 [rcu_tasks_trace]
root          13  0.0  0.0      0     0 ?        S    Aug22   0:23 [ksoftirqd/0]
root          14  0.0  0.0      0     0 ?        I    Aug22   3:18 [rcu_sched]
root          15  0.0  0.0      0     0 ?        S    Aug22   0:02 [migration/0]
root          16  0.0  0.0      0     0 ?        S    Aug22   0:00 [idle_inject/0]
root          18  0.0  0.0      0     0 ?        S    Aug22   0:00 [cpuhp/0]
root          19  0.0  0.0      0     0 ?        S    Aug22   0:00 [cpuhp/1]
root          20  0.0  0.0      0     0 ?        S    Aug22   0:00 [idle_inject/1]
root          21  0.0  0.0      0     0 ?        S    Aug22   0:02 [migration/1]
root          22  0.0  0.0      0     0 ?        S    Aug22   0:21 [ksoftirqd/1]
root          24  0.0  0.0      0     0 ?        I<   Aug22   0:00 [kworker/1:0H-events_highpri]
root          25  0.0  0.0      0     0 ?        S    Aug22   0:00 [cpuhp/2]
root          26  0.0  0.0      0     0 ?        S    Aug22   0:00 [idle_inject/2]
root          27  0.0  0.0      0     0 ?        S    Aug22   0:02 [migration/2]
root          28  0.0  0.0      0     0 ?        S    Aug22   0:18 [ksoftirqd/2]
root          30  0.0  0.0      0     0 ?        I<   Aug22   0:00 [kworker/2:0H-events_highpri]
root          31  0.0  0.0      0     0 ?        S    Aug22   0:00 [cpuhp/3]
root          32  0.0  0.0      0     0 ?        S    Aug22   0:00 [idle_inject/3]
root          33  0.0  0.0      0     0 ?        S    Aug22   0:02 [migration/3]
root          34  0.0  0.0      0     0 ?        S    Aug22   0:16 [ksoftirqd/3]
root          36  0.0  0.0      0     0 ?        I<   Aug22   0:00 [kworker/3:0H-events_highpri]
root          37  0.0  0.0      0     0 ?        S    Aug22   0:00 [cpuhp/4]
root          38  0.0  0.0      0     0 ?        S    Aug22   0:00 [idle_inject/4]
root          39  0.0  0.0      0     0 ?        S    Aug22   0:02 [migration/4]
root          40  0.0  0.0      0     0 ?        S    Aug22   0:26 [ksoftirqd/4]
root          42  0.0  0.0      0     0 ?        I<   Aug22   0:00 [kworker/4:0H-events_highpri]
root          43  0.0  0.0      0     0 ?        S    Aug22   0:00 [cpuhp/5]
root          44  0.0  0.0      0     0 ?        S    Aug22   0:00 [idle_inject/5]
root          45  0.0  0.0      0     0 ?        S    Aug22   0:02 [migration/5]
root          46  0.0  0.0      0     0 ?        S    Aug22   0:24 [ksoftirqd/5]
root          48  0.0  0.0      0     0 ?        I<   Aug22   0:00 [kworker/5:0H-events_highpri]
root          49  0.0  0.0      0     0 ?        S    Aug22   0:00 [cpuhp/6]
root          50  0.0  0.0      0     0 ?        S    Aug22   0:00 [idle_inject/6]
root          51  0.0  0.0      0     0 ?        S    Aug22   0:02 [migration/6]
root          52  0.0  0.0      0     0 ?        S    Aug22   0:19 [ksoftirqd/6]
root          54  0.0  0.0      0     0 ?        I<   Aug22   0:00 [kworker/6:0H-events_highpri]
root          55  0.0  0.0      0     0 ?        S    Aug22   0:00 [cpuhp/7]
root          56  0.0  0.0      0     0 ?        S    Aug22   0:00 [idle_inject/7]
root          57  0.0  0.0      0     0 ?        S    Aug22   0:02 [migration/7]
root          58  0.0  0.0      0     0 ?        S    Aug22   0:17 [ksoftirqd/7]
root          60  0.0  0.0      0     0 ?        I<   Aug22   0:00 [kworker/7:0H-events_highpri]
root          61  0.0  0.0      0     0 ?        S    Aug22   0:00 [kdevtmpfs]
root          62  0.0  0.0      0     0 ?        I<   Aug22   0:00 [inet_frag_wq]
root          63  0.0  0.0      0     0 ?        S    Aug22   0:00 [kauditd]
root          67  0.0  0.0      0     0 ?        S    Aug22   0:01 [khungtaskd]
root          68  0.0  0.0      0     0 ?        S    Aug22   0:00 [oom_reaper]
root          69  0.0  0.0      0     0 ?        I<   Aug22   0:00 [writeback]
root          70  0.0  0.0      0     0 ?        S    Aug22   0:18 [kcompactd0]
root          71  0.0  0.0      0     0 ?        SN   Aug22   0:00 [ksmd]
root          72  0.0  0.0      0     0 ?        SN   Aug22   0:08 [khugepaged]
root         119  0.0  0.0      0     0 ?        I<   Aug22   0:00 [kintegrityd]
root         120  0.0  0.0      0     0 ?        I<   Aug22   0:00 [kblockd]
root         121  0.0  0.0      0     0 ?        I<   Aug22   0:00 [blkcg_punt_bio]
root         122  0.0  0.0      0     0 ?        I<   Aug22   0:00 [tpm_dev_wq]
root         123  0.0  0.0      0     0 ?        I<   Aug22   0:00 [ata_sff]
root         124  0.0  0.0      0     0 ?        I<   Aug22   0:00 [md]
root         125  0.0  0.0      0     0 ?        I<   Aug22   0:00 [edac-poller]
root         126  0.0  0.0      0     0 ?        I<   Aug22   0:00 [devfreq_wq]
root         127  0.0  0.0      0     0 ?        S    Aug22   0:00 [watchdogd]
root         130  0.0  0.0      0     0 ?        I<   Aug22   0:01 [kworker/0:1H-kblockd]
root         132  0.0  0.0      0     0 ?        S    Aug22   0:00 [kswapd0]
root         133  0.0  0.0      0     0 ?        S    Aug22   0:00 [ecryptfs-kthrea]
root         135  0.0  0.0      0     0 ?        I<   Aug22   0:00 [kthrotld]
root         136  0.0  0.0      0     0 ?        S    Aug22   0:00 [irq/24-pciehp]
root         137  0.0  0.0      0     0 ?        S    Aug22   0:00 [irq/25-pciehp]
root         138  0.0  0.0      0     0 ?        S    Aug22   0:00 [irq/26-pciehp]
root         139  0.0  0.0      0     0 ?        S    Aug22   0:00 [irq/27-pciehp]
root         140  0.0  0.0      0     0 ?        S    Aug22   0:00 [irq/28-pciehp]
root         141  0.0  0.0      0     0 ?        S    Aug22   0:00 [irq/29-pciehp]
root         142  0.0  0.0      0     0 ?        S    Aug22   0:00 [irq/30-pciehp]
root         143  0.0  0.0      0     0 ?        S    Aug22   0:00 [irq/31-pciehp]
root         144  0.0  0.0      0     0 ?        S    Aug22   0:00 [irq/32-pciehp]
root         145  0.0  0.0      0     0 ?        S    Aug22   0:00 [irq/33-pciehp]
root         146  0.0  0.0      0     0 ?        S    Aug22   0:00 [irq/34-pciehp]
root         147  0.0  0.0      0     0 ?        S    Aug22   0:00 [irq/35-pciehp]
root         148  0.0  0.0      0     0 ?        S    Aug22   0:00 [irq/36-pciehp]
root         149  0.0  0.0      0     0 ?        S    Aug22   0:00 [irq/37-pciehp]
root         150  0.0  0.0      0     0 ?        S    Aug22   0:00 [irq/38-pciehp]
root         151  0.0  0.0      0     0 ?        S    Aug22   0:00 [irq/39-pciehp]
root         152  0.0  0.0      0     0 ?        S    Aug22   0:00 [irq/40-pciehp]
root         153  0.0  0.0      0     0 ?        S    Aug22   0:00 [irq/41-pciehp]
root         154  0.0  0.0      0     0 ?        S    Aug22   0:00 [irq/42-pciehp]
root         155  0.0  0.0      0     0 ?        S    Aug22   0:00 [irq/43-pciehp]
root         156  0.0  0.0      0     0 ?        S    Aug22   0:00 [irq/44-pciehp]
root         157  0.0  0.0      0     0 ?        S    Aug22   0:00 [irq/45-pciehp]
root         158  0.0  0.0      0     0 ?        S    Aug22   0:00 [irq/46-pciehp]
root         159  0.0  0.0      0     0 ?        S    Aug22   0:00 [irq/47-pciehp]
root         160  0.0  0.0      0     0 ?        S    Aug22   0:00 [irq/48-pciehp]
root         161  0.0  0.0      0     0 ?        S    Aug22   0:00 [irq/49-pciehp]
root         162  0.0  0.0      0     0 ?        S    Aug22   0:00 [irq/50-pciehp]
root         163  0.0  0.0      0     0 ?        S    Aug22   0:00 [irq/51-pciehp]
root         164  0.0  0.0      0     0 ?        S    Aug22   0:00 [irq/52-pciehp]
root         165  0.0  0.0      0     0 ?        S    Aug22   0:00 [irq/53-pciehp]
root         166  0.0  0.0      0     0 ?        S    Aug22   0:00 [irq/54-pciehp]
root         167  0.0  0.0      0     0 ?        S    Aug22   0:00 [irq/55-pciehp]
root         168  0.0  0.0      0     0 ?        I<   Aug22   0:00 [acpi_thermal_pm]
root         170  0.0  0.0      0     0 ?        S    Aug22   0:00 [scsi_eh_0]
root         171  0.0  0.0      0     0 ?        I<   Aug22   0:00 [scsi_tmf_0]
root         172  0.0  0.0      0     0 ?        S    Aug22   0:00 [scsi_eh_1]
root         173  0.0  0.0      0     0 ?        I<   Aug22   0:00 [scsi_tmf_1]
root         175  0.0  0.0      0     0 ?        I<   Aug22   0:00 [vfio-irqfd-clea]
root         178  0.0  0.0      0     0 ?        I<   Aug22   0:00 [mld]
root         179  0.0  0.0      0     0 ?        I<   Aug22   0:01 [kworker/2:1H-kblockd]
root         180  0.0  0.0      0     0 ?        I<   Aug22   0:00 [ipv6_addrconf]
root         190  0.0  0.0      0     0 ?        I<   Aug22   0:00 [kstrp]
root         195  0.0  0.0      0     0 ?        I<   Aug22   0:00 [zswap-shrink]
root         207  0.0  0.0      0     0 ?        I<   Aug22   0:00 [charger_manager]
root         230  0.0  0.0      0     0 ?        I<   Aug22   0:01 [kworker/6:1H-kblockd]
root         265  0.0  0.0      0     0 ?        I<   Aug22   0:01 [kworker/1:1H-kblockd]
root         266  0.0  0.0      0     0 ?        I<   Aug22   0:00 [mpt_poll_0]
root         267  0.0  0.0      0     0 ?        I<   Aug22   0:00 [mpt/0]
root         268  0.0  0.0      0     0 ?        I<   Aug22   0:00 [cryptd]
root         282  0.0  0.0      0     0 ?        S    Aug22   0:00 [scsi_eh_2]
root         283  0.0  0.0      0     0 ?        I<   Aug22   0:00 [scsi_tmf_2]
root         286  0.0  0.0      0     0 ?        S    Aug22   0:00 [scsi_eh_3]
root         290  0.0  0.0      0     0 ?        I<   Aug22   0:00 [scsi_tmf_3]
root         292  0.0  0.0      0     0 ?        I<   Aug22   0:00 [ttm_swap]
root         293  0.0  0.0      0     0 ?        S    Aug22   0:00 [scsi_eh_4]
root         294  0.0  0.0      0     0 ?        I<   Aug22   0:00 [scsi_tmf_4]
root         295  0.0  0.0      0     0 ?        S    Aug22   0:15 [irq/16-vmwgfx]
root         296  0.0  0.0      0     0 ?        S    Aug22   0:00 [scsi_eh_5]
root         297  0.0  0.0      0     0 ?        I<   Aug22   0:00 [scsi_tmf_5]
root         298  0.0  0.0      0     0 ?        S    Aug22   0:00 [card0-crtc0]
root         299  0.0  0.0      0     0 ?        S    Aug22   0:00 [card0-crtc1]
root         300  0.0  0.0      0     0 ?        S    Aug22   0:00 [card0-crtc2]
root         301  0.0  0.0      0     0 ?        S    Aug22   0:00 [card0-crtc3]
root         302  0.0  0.0      0     0 ?        S    Aug22   0:00 [card0-crtc4]
root         303  0.0  0.0      0     0 ?        S    Aug22   0:00 [card0-crtc5]
root         304  0.0  0.0      0     0 ?        S    Aug22   0:00 [card0-crtc6]
root         305  0.0  0.0      0     0 ?        S    Aug22   0:00 [card0-crtc7]
root         306  0.0  0.0      0     0 ?        S    Aug22   0:00 [scsi_eh_6]
root         307  0.0  0.0      0     0 ?        I<   Aug22   0:00 [scsi_tmf_6]
root         308  0.0  0.0      0     0 ?        S    Aug22   0:00 [scsi_eh_7]
root         309  0.0  0.0      0     0 ?        I<   Aug22   0:00 [scsi_tmf_7]
root         310  0.0  0.0      0     0 ?        S    Aug22   0:00 [scsi_eh_8]
root         311  0.0  0.0      0     0 ?        I<   Aug22   0:00 [scsi_tmf_8]
root         312  0.0  0.0      0     0 ?        S    Aug22   0:00 [scsi_eh_9]
root         313  0.0  0.0      0     0 ?        I<   Aug22   0:00 [scsi_tmf_9]
root         314  0.0  0.0      0     0 ?        S    Aug22   0:00 [scsi_eh_10]
root         315  0.0  0.0      0     0 ?        I<   Aug22   0:00 [scsi_tmf_10]
root         316  0.0  0.0      0     0 ?        S    Aug22   0:00 [scsi_eh_11]
root         317  0.0  0.0      0     0 ?        I<   Aug22   0:00 [scsi_tmf_11]
root         318  0.0  0.0      0     0 ?        S    Aug22   0:00 [scsi_eh_12]
root         319  0.0  0.0      0     0 ?        I<   Aug22   0:00 [scsi_tmf_12]
root         320  0.0  0.0      0     0 ?        S    Aug22   0:00 [scsi_eh_13]
root         321  0.0  0.0      0     0 ?        I<   Aug22   0:00 [scsi_tmf_13]
root         322  0.0  0.0      0     0 ?        S    Aug22   0:00 [scsi_eh_14]
root         323  0.0  0.0      0     0 ?        I<   Aug22   0:00 [scsi_tmf_14]
root         324  0.0  0.0      0     0 ?        S    Aug22   0:00 [scsi_eh_15]
root         325  0.0  0.0      0     0 ?        I<   Aug22   0:00 [scsi_tmf_15]
root         326  0.0  0.0      0     0 ?        S    Aug22   0:00 [scsi_eh_16]
root         327  0.0  0.0      0     0 ?        I<   Aug22   0:00 [scsi_tmf_16]
root         328  0.0  0.0      0     0 ?        S    Aug22   0:00 [scsi_eh_17]
root         329  0.0  0.0      0     0 ?        I<   Aug22   0:00 [scsi_tmf_17]
root         330  0.0  0.0      0     0 ?        S    Aug22   0:00 [scsi_eh_18]
root         331  0.0  0.0      0     0 ?        I<   Aug22   0:00 [scsi_tmf_18]
root         332  0.0  0.0      0     0 ?        S    Aug22   0:00 [scsi_eh_19]
root         333  0.0  0.0      0     0 ?        I<   Aug22   0:00 [scsi_tmf_19]
root         334  0.0  0.0      0     0 ?        S    Aug22   0:00 [scsi_eh_20]
root         335  0.0  0.0      0     0 ?        I<   Aug22   0:00 [scsi_tmf_20]
root         336  0.0  0.0      0     0 ?        S    Aug22   0:00 [scsi_eh_21]
root         337  0.0  0.0      0     0 ?        I<   Aug22   0:00 [scsi_tmf_21]
root         338  0.0  0.0      0     0 ?        S    Aug22   0:00 [scsi_eh_22]
root         339  0.0  0.0      0     0 ?        I<   Aug22   0:00 [scsi_tmf_22]
root         340  0.0  0.0      0     0 ?        S    Aug22   0:00 [scsi_eh_23]
root         341  0.0  0.0      0     0 ?        I<   Aug22   0:00 [scsi_tmf_23]
root         342  0.0  0.0      0     0 ?        S    Aug22   0:00 [scsi_eh_24]
root         343  0.0  0.0      0     0 ?        I<   Aug22   0:00 [scsi_tmf_24]
root         345  0.0  0.0      0     0 ?        S    Aug22   0:00 [scsi_eh_25]
root         347  0.0  0.0      0     0 ?        I<   Aug22   0:00 [scsi_tmf_25]
root         354  0.0  0.0      0     0 ?        S    Aug22   0:00 [scsi_eh_26]
root         355  0.0  0.0      0     0 ?        I<   Aug22   0:00 [scsi_tmf_26]
root         356  0.0  0.0      0     0 ?        I<   Aug22   0:01 [kworker/4:1H-kblockd]
root         361  0.0  0.0      0     0 ?        S    Aug22   0:00 [scsi_eh_27]
root         362  0.0  0.0      0     0 ?        I<   Aug22   0:00 [scsi_tmf_27]
root         364  0.0  0.0      0     0 ?        S    Aug22   0:00 [scsi_eh_28]
root         365  0.0  0.0      0     0 ?        I<   Aug22   0:00 [scsi_tmf_28]
root         368  0.0  0.0      0     0 ?        S    Aug22   0:00 [scsi_eh_29]
root         369  0.0  0.0      0     0 ?        I<   Aug22   0:00 [scsi_tmf_29]
root         370  0.0  0.0      0     0 ?        I<   Aug22   0:01 [kworker/3:1H-kblockd]
root         372  0.0  0.0      0     0 ?        S    Aug22   0:00 [scsi_eh_30]
root         373  0.0  0.0      0     0 ?        I<   Aug22   0:00 [scsi_tmf_30]
root         374  0.0  0.0      0     0 ?        S    Aug22   0:00 [scsi_eh_31]
root         375  0.0  0.0      0     0 ?        I<   Aug22   0:00 [scsi_tmf_31]
root         403  0.0  0.0      0     0 ?        I<   Aug22   0:01 [kworker/7:1H-kblockd]
root         404  0.0  0.0      0     0 ?        S    Aug22   0:00 [scsi_eh_32]
root         405  0.0  0.0      0     0 ?        I<   Aug22   0:00 [scsi_tmf_32]
root         421  0.0  0.0      0     0 ?        I<   Aug22   0:01 [kworker/5:1H-kblockd]
root         429  0.0  0.0      0     0 ?        I<   Aug22   0:00 [kdmflush]
root         436  0.0  0.0      0     0 ?        I<   Aug22   0:00 [kdmflush]
root         466  0.0  0.0      0     0 ?        I<   Aug22   0:00 [raid5wq]
root         515  0.0  0.0      0     0 ?        S    Aug22   0:11 [jbd2/dm-1-8]
root         516  0.0  0.0      0     0 ?        I<   Aug22   0:00 [ext4-rsv-conver]
root         598  0.0  0.2 171632 116320 ?       S<s  Aug22   1:05 /lib/systemd/systemd-journald
root         623  0.0  0.0      0     0 ?        I<   Aug22   0:00 [rpciod]
root         624  0.0  0.0      0     0 ?        I<   Aug22   0:00 [xprtiod]
root         644  0.0  0.0      0     0 ?        I<   Aug22   0:00 [kaluad]
root         646  0.0  0.0      0     0 ?        I<   Aug22   0:00 [kmpath_rdacd]
root         649  0.0  0.0      0     0 ?        I<   Aug22   0:00 [kmpathd]
root         650  0.0  0.0      0     0 ?        I<   Aug22   0:00 [kmpath_handlerd]
root         652  0.0  0.0 289436 27352 ?        SLsl Aug22   1:10 /sbin/multipathd -d -s
root         659  0.0  0.0 227324   308 ?        Ssl  Aug22   0:04 vmware-vmblock-fuse /run/vmblock-fuse -o rw,subtype=vmware-vmblock,default_permissions,allow_other,dev,suid
root         673  0.0  0.0  12308  7116 ?        Ss   Aug22   0:01 /lib/systemd/systemd-udevd
root         837  0.0  0.0      0     0 ?        S    Aug22   0:00 [jbd2/sda2-8]
root         838  0.0  0.0      0     0 ?        I<   Aug22   0:00 [ext4-rsv-conver]
root         852  0.0  0.0      0     0 ?        I<   Aug22   0:00 [nfit]
root         903  0.0  0.0      0     0 ?        S    Aug22   0:00 [jbd2/dm-0-8]
root         904  0.0  0.0      0     0 ?        I<   Aug22   0:00 [ext4-rsv-conver]
root         935  0.0  0.0   8580  4940 ?        Ss   Aug22   0:12 /usr/sbin/haveged --Foreground --verbose=1
_rpc         941  0.0  0.0   8188  4416 ?        Ss   Aug22   0:01 /sbin/rpcbind -f -w
systemd+     942  0.0  0.0  14824  6168 ?        Ss   Aug22  15:26 /lib/systemd/systemd-oomd
root         944  0.0  0.0  51152 12024 ?        Ss   Aug22   0:00 /usr/bin/VGAuthService
root         946  0.0  0.0 250964 10192 ?        Ssl  Aug22   9:36 /usr/bin/vmtoolsd
root         950  0.0  0.0   5124   172 ?        Ss   Aug22   0:00 /usr/sbin/blkmapd
root         951  0.0  0.0  12980  2240 ?        Ssl  Aug22   0:00 /usr/sbin/rpc.gssd
systemd+     966  0.0  0.0  16240  8344 ?        Ss   Aug22   0:04 /lib/systemd/systemd-networkd
systemd+     968  0.0  0.0  25396 13468 ?        Ss   Aug22   0:28 /lib/systemd/systemd-resolved
root         980  0.0  0.0   2812  1192 ?        Ss   Aug22   0:00 /usr/sbin/acpid
avahi        982  0.0  0.0  18844  4204 ?        Ss   Aug22   1:00 avahi-daemon: running [masoolin-vm-u22.local]
message+     983  0.0  0.0  38408  7584 ?        Ss   Aug22   2:27 @dbus-daemon --system --address=systemd: --nofork --nopidfile --systemd-activation --syslog-only
root         984  0.0  0.0 268228 19296 ?        Ssl  Aug22   2:01 /usr/sbin/NetworkManager --no-daemon
avahi        987  0.0  0.0  18532   332 ?        S    Aug22   0:00 avahi-daemon: chroot helper
root         992  0.0  0.0  82840  3792 ?        Ssl  Aug22   0:38 /usr/sbin/irqbalance --foreground
root         997  0.0  0.0  38608 21608 ?        Ss   Aug22   0:00 /usr/bin/python3 /usr/bin/networkd-dispatcher --run-startup-triggers
root        1004  0.1  0.0 264708 12992 ?        Rsl  Aug22  20:53 /usr/libexec/polkitd --no-debug
root        1008  0.0  0.0 237488  6944 ?        Ssl  Aug22   0:02 /usr/libexec/power-profiles-daemon
syslog      1009  0.0  0.0 233496  5796 ?        Ssl  Aug22   0:14 /usr/sbin/rsyslogd -n -iNONE
root        1016  0.0  0.0  71116 12652 ?        Ss   Aug22   0:01 /usr/sbin/sssd -i --logger=files
root        1018  0.0  0.0 233772  6900 ?        Ssl  Aug22   0:00 /usr/libexec/switcheroo-control
root        1020  0.0  0.0 393092 13508 ?        Ssl  Aug22   0:03 /usr/libexec/udisks2/udisksd
root        1021  0.0  0.0  16492  5760 ?        Ss   Aug22   0:02 /sbin/wpa_supplicant -u -s -O /run/wpa_supplicant
Debian-+    1057  0.0  0.0  35328 13088 ?        Ss   Aug22   8:24 /usr/sbin/snmpd -LOw -u Debian-snmp -g Debian-snmp -I -smux mteTrigger mteTriggerConf -f
root        1061  0.0  0.0  10604  6004 ?        Ss   Aug22   0:00 /usr/bin/vncserver-virtuald -fg
root        1062  0.0  0.0   7624  3012 ?        Ss   Aug22   0:00 /usr/bin/vncserver-x11-serviced -fg
root        1064  0.0  0.1 1505824 42996 ?       Ssl  Aug22   7:27 /usr/bin/containerd
root        1065  0.0  0.0 244228 12432 ?        Ssl  Aug22   0:03 /usr/sbin/ModemManager
root        1071  0.0  0.1 229064 65896 ?        Sl   Aug22   7:38 /usr/bin/vncserver-x11-core -service
ntp         1072  0.0  0.0  87220  5928 ?        Ssl  Aug22   1:07 /usr/sbin/ntpd -p /var/run/ntpd.pid -g -u 136:139
root        1075  0.0  0.1 181080 71716 ?        S    Aug22   8:46 /usr/libexec/sssd/sssd_be --domain HABANA-LABS.COM --uid 0 --gid 0 --logger=files
kernoops    1118  0.0  0.0  13084  2460 ?        Ss   Aug22   0:24 /usr/sbin/kerneloops --test
kernoops    1127  0.0  0.0  13084   456 ?        Ss   Aug22   0:24 /usr/sbin/kerneloops
statd       1138  0.0  0.0   5036  2792 ?        Ss   Aug22   0:00 /sbin/rpc.statd
root        1158  0.0  0.0      0     0 ?        I<   Aug22   0:00 [iprt-VBoxWQueue]
root        1171  0.0  0.0      0     0 ?        S    Aug22   0:00 [iprt-VBoxTscThr]
root        1242  0.0  0.1 101956 67844 ?        S    Aug22   1:21 /usr/libexec/sssd/sssd_nss --uid 0 --gid 0 --logger=files
root        1243  0.0  0.0  62176 16360 ?        S    Aug22   0:06 /usr/libexec/sssd/sssd_pam --uid 0 --gid 0 --logger=files
root        1244  0.0  0.0  59092 12596 ?        S    Aug22   0:06 /usr/libexec/sssd/sssd_autofs --uid 0 --gid 0 --logger=files
root        1247  0.0  0.0  15476  9376 ?        Ss   Aug22   0:02 sshd: /usr/sbin/sshd -D [listener] 1 of 10-100 startups
root        1251  0.0  0.0 247204  8652 ?        Ssl  Aug22   0:24 /usr/libexec/accounts-daemon
root        1253  0.0  0.0   6940  3064 ?        Ss   Aug22   0:01 /usr/sbin/cron -f -P
root        1254  0.0  0.0  98532 15680 ?        Ss   Aug22   0:00 /usr/sbin/cupsd -l
root        1255  0.0  0.1 1550268 74924 ?       Ssl  Aug22   1:55 /usr/bin/dockerd -H fd:// --containerd=/run/containerd/containerd.sock
root        1256  0.0  0.0  24668  8296 ?        Ss   Aug22   0:14 /lib/systemd/systemd-logind
root        1258  0.0  0.0 418784  4672 ?        Ssl  Aug22   0:00 /usr/sbin/automount --pid-file /var/run/autofs.pid
root        1271  0.0  0.0      0     0 ?        I<   Aug22   0:00 [nfsiod]
root        1287  0.0  0.0 172664 11484 ?        Ssl  Aug22   0:03 /usr/sbin/cups-browsed
root        1288  0.0  0.0      0     0 ?        S    Aug22   0:00 [lockd]
root        1302  0.0  0.0 115616 23660 ?        Ssl  Aug22   0:00 /usr/bin/python3 /usr/share/unattended-upgrades/unattended-upgrade-shutdown --wait-for-signal
root        1305  0.0  0.0 238792  9448 ?        Ssl  Aug22   0:00 /usr/sbin/gdm3
rtkit       1363  0.0  0.0 154048  3236 ?        SNsl Aug22   0:08 /usr/libexec/rtkit-daemon
root        1368  0.0  0.0  31116  8160 ?        Ss   Aug22   0:23 sendmail: MTA: accepting connections
root        1693  0.0  0.0 239484  8208 ?        Ssl  Aug22   0:01 /usr/libexec/upowerd
root        1807  0.0  0.0 295660 20764 ?        Ssl  Aug22   0:59 /usr/libexec/packagekitd
lp          1900  0.0  0.0  16328  6568 ?        S    Aug22   0:00 /usr/lib/cups/notifier/dbus dbus://
colord      1948  0.0  0.0 252380 13744 ?        Ssl  Aug22   0:00 /usr/libexec/colord
root        2389  0.0  0.0 349168 15960 ?        Sl   Aug22   0:00 gdm-session-worker [pam/gdm-password]
masoolin    2419  0.0  0.0  18052 10908 ?        Ss   Aug22   0:03 /lib/systemd/systemd --user
masoolin    2420  0.0  0.0 200448  5776 ?        S    Aug22   0:00 (sd-pam)
masoolin    2426  0.0  0.0  46316  7228 ?        S<sl Aug22   0:00 /usr/bin/pipewire
masoolin    2427  0.0  0.0  30348  7112 ?        Ssl  Aug22   0:01 /usr/bin/pipewire-media-session
masoolin    2428  0.0  0.0 1867940 24260 ?       S<sl Aug22   0:01 /usr/bin/pulseaudio --daemonize=no --log-target=journal
masoolin    2433  0.0  0.0  30424  6528 ?        Ss   Aug22   0:02 /usr/bin/dbus-daemon --session --address=systemd: --nofork --nopidfile --systemd-activation --syslog-only
masoolin    2435  0.0  0.0 385752  8412 ?        Sl   Aug22   0:00 /usr/bin/gnome-keyring-daemon --daemonize --login
masoolin    2439  0.0  0.0 238040  8232 ?        Ssl  Aug22   0:00 /usr/libexec/gvfsd
masoolin    2444  0.0  0.0 455652  6824 ?        Sl   Aug22   0:05 /usr/libexec/gvfsd-fuse /run/user/10237/gvfs -f
masoolin    2455  0.0  0.0 778456 29044 ?        SNsl Aug22   0:04 /usr/libexec/tracker-miner-fs-3
masoolin    2465  0.0  0.0 239256  7924 ?        Sl   Aug22   0:00 /usr/libexec/pulse/gsettings-helper
masoolin    2498  0.0  0.0 159828  6348 tty2     Ssl+ Aug22   0:00 /usr/libexec/gdm-x-session --run-script env GNOME_SHELL_SESSION_MODE=ubuntu /usr/bin/gnome-session --session=ubuntu
masoolin    2500  0.3  0.6 494564 251628 tty2    Sl+  Aug22  66:37 /usr/lib/xorg/Xorg vt2 -displayfd 3 -auth /run/user/10237/gdm/Xauthority -nolisten tcp -background none -noreset -keeptty -novtswitch -verbose 3
masoolin    2506  0.0  0.0 220436 15660 tty2     Sl+  Aug22   0:00 /usr/libexec/gnome-session-binary --session=ubuntu
masoolin    2564  0.0  0.0 322772 10324 ?        Ssl  Aug22   0:03 /usr/libexec/gvfs-udisks2-volume-monitor
masoolin    2578  0.0  0.0 233944  6064 ?        Ssl  Aug22   0:00 /usr/libexec/gvfs-mtp-volume-monitor
masoolin    2586  0.0  0.0 312612  8132 ?        Ssl  Aug22   0:19 /usr/libexec/gvfs-afc-volume-monitor
masoolin    2597  0.0  0.0 234776  6256 ?        Ssl  Aug22   0:00 /usr/libexec/gvfs-gphoto2-volume-monitor
masoolin    2611  0.0  0.0 234040  6652 ?        Ssl  Aug22   0:00 /usr/libexec/gvfs-goa-volume-monitor
masoolin    2615  0.0  0.0 571592 40544 ?        Sl   Aug22   0:47 /usr/libexec/goa-daemon
masoolin    2623  0.0  0.0 335796 15048 ?        Sl   Aug22   0:05 /usr/libexec/goa-identity-service
masoolin    2630  0.0  0.0 309620  8308 ?        Ssl  Aug22   0:00 /usr/libexec/at-spi-bus-launcher
masoolin    2636  0.0  0.0  29000  5052 ?        S    Aug22   0:00 /usr/bin/dbus-daemon --config-file=/usr/share/defaults/at-spi2/accessibility.conf --nofork --print-address 11 --address=unix:path=/run/user/10237/at-spi/bus_1
masoolin    2691  0.0  0.0  89304  5256 ?        Ssl  Aug22   0:00 /usr/libexec/gnome-session-ctl --monitor
masoolin    2724  0.0  0.0 590568 18124 ?        Ssl  Aug22   0:03 /usr/libexec/gnome-session-binary --systemd-service --session=ubuntu
masoolin    2757  0.4  1.1 6145104 490204 ?      Ssl  Aug22  85:15 /usr/bin/gnome-shell
masoolin    2804  0.0  0.0 234028  6696 ?        Ssl  Aug22   0:00 /usr/libexec/xdg-permission-store
masoolin    2806  0.0  0.0 583192 20832 ?        Sl   Aug22   0:00 /usr/libexec/gnome-shell-calendar-server
masoolin    2817  0.0  0.0 1013596 27004 ?       Ssl  Aug22   0:00 /usr/libexec/evolution-source-registry
masoolin    2827  0.0  0.0 423880 25772 ?        Ssl  Aug22   0:00 /usr/bin/Thunar --daemon
masoolin    2828  0.0  0.0 312268  8648 ?        Sl   Aug22   0:00 /usr/libexec/gvfsd-trash --spawner :1.2 /org/gtk/gvfs/exec_spaw/0
masoolin    2835  0.0  0.0 2928684 28076 ?       Sl   Aug22   0:00 /usr/bin/gjs /usr/share/gnome-shell/org.gnome.Shell.Notifications
masoolin    2837  0.0  0.0 162748  8016 ?        Sl   Aug22   0:01 /usr/libexec/at-spi2-registryd --use-gnome-session
masoolin    2854  0.0  0.0 230708  6008 ?        Sl   Aug22   0:00 /usr/lib/x86_64-linux-gnu/xfce4/xfconf/xfconfd
masoolin    2865  0.0  0.0   2888   988 ?        Ss   Aug22   0:00 sh -c /usr/bin/ibus-daemon --panel disable $([ ""$XDG_SESSION_TYPE"" = ""x11"" ] && echo ""--xim"")
masoolin    2866  0.0  0.0 307820  6888 ?        Ssl  Aug22   0:00 /usr/libexec/gsd-a11y-settings
masoolin    2867  0.0  0.0 449368 28076 ?        Ssl  Aug22   0:02 /usr/libexec/gsd-color
masoolin    2869  0.0  0.0 372864 16164 ?        Ssl  Aug22   0:00 /usr/libexec/gsd-datetime
masoolin    2870  0.0  0.0 322364 12856 ?        Sl   Aug22   0:13 /usr/bin/ibus-daemon --panel disable --xim
masoolin    2872  0.0  0.0 309472  7776 ?        Ssl  Aug22   0:34 /usr/libexec/gsd-housekeeping
masoolin    2875  0.0  0.0 338800 24596 ?        Ssl  Aug22   0:00 /usr/libexec/gsd-keyboard
masoolin    2876  0.0  0.0 871800 29808 ?        Ssl  Aug22   0:01 /usr/libexec/gsd-media-keys
masoolin    2878  0.0  0.0 531952 28896 ?        Ssl  Aug22   0:02 /usr/libexec/gsd-power
masoolin    2880  0.0  0.0 256712 12176 ?        Ssl  Aug22   0:00 /usr/libexec/gsd-print-notifications
masoolin    2881  0.0  0.0 455252  6580 ?        Ssl  Aug22   0:01 /usr/libexec/gsd-rfkill
masoolin    2885  0.0  0.0 233684  6556 ?        Ssl  Aug22   0:00 /usr/libexec/gsd-screensaver-proxy
masoolin    2886  0.0  0.0 463216 10372 ?        Ssl  Aug22   0:05 /usr/libexec/gsd-sharing
masoolin    2888  0.0  0.0 383432  8276 ?        Ssl  Aug22   0:00 /usr/libexec/gsd-smartcard
masoolin    2892  0.0  0.0 316744  9164 ?        Ssl  Aug22   0:00 /usr/libexec/gsd-sound
masoolin    2893  0.0  0.0 339316 24744 ?        Ssl  Aug22   0:00 /usr/libexec/gsd-wacom
masoolin    2895  0.0  0.0 424328 28084 ?        Ssl  Aug22   1:52 /usr/libexec/gsd-xsettings
masoolin    2910  0.0  0.1 660792 63292 ?        Sl   Aug22   1:46 /usr/lib/x86_64-linux-gnu/libexec/kdeconnectd
masoolin    2938  0.0  0.1 812356 68656 ?        Sl   Aug22   0:01 /usr/libexec/evolution-data-server/evolution-alarm-notify
masoolin    2940  0.0  0.0 847312 31268 ?        Ssl  Aug22   0:02 /usr/libexec/evolution-calendar-factory
masoolin    2941  0.0  0.0 232272  6804 ?        Sl   Aug22   0:00 /usr/libexec/gsd-disk-utility-notify
masoolin    2944  0.0  0.0 308440  7396 ?      ",masoolin-vm-u22.habana-labs.com
,"OS Security Patch Assessment is available.

Account  : root
Protocol : SSH
",masoolin-vm-u22.habana-labs.com
,Can't connect to the 'root\CIMV2' WMI namespace.,masoolin-vm-u22.habana-labs.com
,"
Nessus was able to log in to the remote host via the following :

User:       'root'
Port:       22
Proto:      SSH
Method:     publickey
",masoolin-vm-u22.habana-labs.com
,,masoolin-vm-u22.habana-labs.com
,"Unix software discovery checks are available.

Account  : root
Protocol : SSH
",masoolin-vm-u22.habana-labs.com
,"
The following client-to-server SHA-1 Hash-based Message Authentication Code (HMAC) algorithms are supported : 

  hmac-sha1
  hmac-sha1-etm@openssh.com

The following server-to-client SHA-1 Hash-based Message Authentication Code (HMAC) algorithms are supported : 

  hmac-sha1
  hmac-sha1-etm@openssh.com
",masoolin-vm-u22.habana-labs.com
,"$ df -h
Filesystem                             Size  Used Avail Use% Mounted on
tmpfs                                  4.0G  2.5M  4.0G   1% /run
/dev/mapper/ubuntu--vg-ubuntu--lv       97G   19G   74G  21% /
tmpfs                                   20G   73M   20G   1% /dev/shm
tmpfs                                  5.0M     0  5.0M   0% /run/lock
tmpfs                                   20G  216K   20G   1% /run/qemu
/dev/sda2                              2.0G  265M  1.6G  15% /boot
/dev/mapper/data--vg-data--lv          246G   72K  233G   1% /home
10.111.63.251:/users_sw/home/masoolin   43T   15T   28T  36% /home/masoolin
tmpfs                                  4.0G  236K  4.0G   1% /run/user/10237
tmpfs                                  4.0G  100K  4.0G   1% /run/user/0


$ lsblk
NAME                      MAJ:MIN RM   SIZE RO TYPE MOUNTPOINTS
loop0                       7:0    0  63.4M  1 loop /snap/core20/1974
loop1                       7:1    0  63.5M  1 loop /snap/core20/2015
loop2                       7:2    0  79.9M  1 loop /snap/lxd/22923
loop4                       7:4    0 111.9M  1 loop /snap/lxd/24322
loop5                       7:5    0  53.3M  1 loop /snap/snapd/19457
loop6                       7:6    0  40.8M  1 loop /snap/snapd/19993
sda                         8:0    0   250G  0 disk 
sda1                      8:1    0     1M  0 part 
sda2                      8:2    0     2G  0 part /boot
sda3                      8:3    0    98G  0 part 
  ubuntu--vg-ubuntu--lv 253:1    0    98G  0 lvm  /
sdb                         8:16   0   250G  0 disk 
data--vg-data--lv       253:0    0   250G  0 lvm  /home
sr0                        11:0    1  1024M  0 rom  


$ mount -l
sysfs on /sys type sysfs (rw,nosuid,nodev,noexec,relatime)
proc on /proc type proc (rw,nosuid,nodev,noexec,relatime)
udev on /dev type devtmpfs (rw,nosuid,relatime,size=20457340k,nr_inodes=5114335,mode=755,inode64)
devpts on /dev/pts type devpts (rw,nosuid,noexec,relatime,gid=5,mode=620,ptmxmode=000)
tmpfs on /run type tmpfs (rw,nosuid,nodev,noexec,relatime,size=4103764k,mode=755,inode64)
/dev/mapper/ubuntu--vg-ubuntu--lv on / type ext4 (rw,relatime)
securityfs on /sys/kernel/security type securityfs (rw,nosuid,nodev,noexec,relatime)
tmpfs on /dev/shm type tmpfs (rw,nosuid,nodev,inode64)
tmpfs on /run/lock type tmpfs (rw,nosuid,nodev,noexec,relatime,size=5120k,inode64)
cgroup2 on /sys/fs/cgroup type cgroup2 (rw,nosuid,nodev,noexec,relatime,nsdelegate,memory_recursiveprot)
pstore on /sys/fs/pstore type pstore (rw,nosuid,nodev,noexec,relatime)
bpf on /sys/fs/bpf type bpf (rw,nosuid,nodev,noexec,relatime,mode=700)
systemd-1 on /proc/sys/fs/binfmt_misc type autofs (rw,relatime,fd=30,pgrp=1,timeout=0,minproto=5,maxproto=5,direct,pipe_ino=35021)
hugetlbfs on /dev/hugepages type hugetlbfs (rw,relatime,pagesize=2M)
mqueue on /dev/mqueue type mqueue (rw,nosuid,nodev,noexec,relatime)
debugfs on /sys/kernel/debug type debugfs (rw,nosuid,nodev,noexec,relatime)
tracefs on /sys/kernel/tracing type tracefs (rw,nosuid,nodev,noexec,relatime)
fusectl on /sys/fs/fuse/connections type fusectl (rw,nosuid,nodev,noexec,relatime)
binfmt_misc on /proc/sys/fs/binfmt_misc type binfmt_misc (rw,nosuid,nodev,noexec,relatime)
configfs on /sys/kernel/config type configfs (rw,nosuid,nodev,noexec,relatime)
none on /run/credentials/systemd-sysusers.service type ramfs (ro,nosuid,nodev,noexec,relatime,mode=700)
vmware-vmblock on /run/vmblock-fuse type fuse.vmware-vmblock (rw,relatime,user_id=0,group_id=0,default_permissions,allow_other)
tmpfs on /run/qemu type tmpfs (rw,nosuid,nodev,relatime,mode=755,inode64)
/var/lib/snapd/snaps/core20_1974.snap on /snap/core20/1974 type squashfs (ro,nodev,relatime,errors=continue,x-gdu.hide)
/var/lib/snapd/snaps/core20_2015.snap on /snap/core20/2015 type squashfs (ro,nodev,relatime,errors=continue,x-gdu.hide)
/var/lib/snapd/snaps/lxd_22923.snap on /snap/lxd/22923 type squashfs (ro,nodev,relatime,errors=continue,x-gdu.hide)
/var/lib/snapd/snaps/lxd_24322.snap on /snap/lxd/24322 type squashfs (ro,nodev,relatime,errors=continue,x-gdu.hide)
/var/lib/snapd/snaps/snapd_19457.snap on /snap/snapd/19457 type squashfs (ro,nodev,relatime,errors=continue,x-gdu.hide)
/dev/sda2 on /boot type ext4 (rw,relatime)
/dev/mapper/data--vg-data--lv on /home type ext4 (rw,relatime)
sunrpc on /run/rpc_pipefs type rpc_pipefs (rw,relatime)
10.111.63.251:/users_sw/home/masoolin on /home/masoolin type nfs (rw,noatime,vers=3,rsize=65536,wsize=65536,namlen=255,hard,proto=tcp,timeo=900,retrans=3,sec=sys,mountaddr=10.111.63.251,mountvers=3,mountport=635,mountproto=tcp,local_lock=none,addr=10.111.63.251)
auto.sw-sg on /sw-sg type autofs (rw,relatime,fd=6,pgrp=1258,timeout=300,minproto=5,maxproto=5,indirect,pipe_ino=42289)
auto.direct on /ITshare type autofs (rw,relatime,fd=12,pgrp=1258,timeout=300,minproto=5,maxproto=5,direct,pipe_ino=41080)
auto.direct on /git_lfs type autofs (rw,relatime,fd=12,pgrp=1258,timeout=300,minproto=5,maxproto=5,direct,pipe_ino=41080)
auto.direct on /synopsys type autofs (rw,relatime,fd=12,pgrp=1258,timeout=300,minproto=5,maxproto=5,direct,pipe_ino=41080)
auto.direct on /qa type autofs (rw,relatime,fd=12,pgrp=1258,timeout=300,minproto=5,maxproto=5,direct,pipe_ino=41080)
auto.direct on /llm type autofs (rw,relatime,fd=12,pgrp=1258,timeout=300,minproto=5,maxproto=5,direct,pipe_ino=41080)
auto.direct on /tools type autofs (rw,relatime,fd=12,pgrp=1258,timeout=300,minproto=5,maxproto=5,direct,pipe_ino=41080)
auto.direct on /sw_images type autofs (rw,relatime,fd=12,pgrp=1258,timeout=300,minproto=5,maxproto=5,direct,pipe_ino=41080)
auto.direct on /software type autofs (rw,relatime,fd=12,pgrp=1258,timeout=300,minproto=5,maxproto=5,direct,pipe_ino=41080)
auto.direct on /hl_shared_dir type autofs (rw,relatime,fd=12,pgrp=1258,timeout=300,minproto=5,maxproto=5,direct,pipe_ino=41080)
tmpfs on /run/snapd/ns type tmpfs (rw,nosuid,nodev,noexec,relatime,size=4103764k,mode=755,inode64)
nsfs on /run/snapd/ns/lxd.mnt type nsfs (rw)
tmpfs on /run/user/10237 type tmpfs (rw,nosuid,nodev,relatime,size=4103760k,nr_inodes=1025940,mode=700,uid=10237,gid=4001,inode64)
gvfsd-fuse on /run/user/10237/gvfs type fuse.gvfsd-fuse (rw,nosuid,nodev,relatime,user_id=10237,group_id=4001)
portal on /run/user/10237/doc type fuse.portal (rw,nosuid,nodev,relatime,user_id=10237,group_id=4001)
/var/lib/snapd/snaps/snapd_19993.snap on /snap/snapd/19993 type squashfs (ro,nodev,relatime,errors=continue,x-gdu.hide)
tmpfs on /run/user/0 type tmpfs (rw,nosuid,nodev,relatime,size=4103760k,nr_inodes=1025940,mode=700,inode64)


",masoolin-vm-u22.habana-labs.com
,"
  Path    : /usr/bin/docker
  Version : 24.0.5
  build   : ced0996
",masoolin-vm-u22.habana-labs.com
,"
  Path    : /
  Version : 6.57.0
  Product : CrowdStrike Falcon Sensor
  Release : 15402
  Running : 1
",masoolin-vm-u22.habana-labs.com
,"The FQDN for the remote host has been determined to be:

  FQDN       : masoolin-vm-u22.habana-labs.com
  Confidence : 100
  Resolves   : True
  Method     : rDNS Lookup: IP Address

Another possible FQDN was also detected:
",masoolin-vm-u22.habana-labs.com
,"Nessus has enumerated the path of the current scan user : 

/usr/local/sbin
/usr/local/bin
/usr/sbin
/usr/bin
/sbin
/bin
/usr/games
/usr/local/games
/snap/bin

",masoolin-vm-u22.habana-labs.com
,"The following files and directories contain potentially dangerous characters such as brackets, ampersand, or semicolon.
This scanner avoided access to these files when possible for safety:

find_cmd() : The remote filesystem uses autofs and find doesn't support -xautofs. Enable thorough tests to override.",masoolin-vm-u22.habana-labs.com
,"lo:
  IPv4:
    - Address : 127.0.0.1
        Netmask : 255.0.0.0
  IPv6:
    - Address : ::1
        Prefixlen : 128
        Scope : host
        ScopeID : 0x10
ens160:
  MAC : 00:50:56:80:3b:82
  IPv4:
    - Address : 10.111.59.72
        Netmask : 255.255.248.0
        Broadcast : 10.111.63.255
  IPv6:
    - Address : fe80::250:56ff:fe80:3b82
        Prefixlen : 64
        Scope : link
        ScopeID : 0x20
docker0:
  MAC : 02:42:b9:bd:0f:e2
  IPv4:
    - Address : 172.17.0.1
        Netmask : 255.255.0.0
        Broadcast : 172.17.255.255
",masoolin-vm-u22.habana-labs.com
,"+ lo
  + IPv4
    - Address       : 127.0.0.1
      Assign Method : static
  + IPv6
    - Address       : ::1
      Assign Method : static
+ ens160
  + IPv4
    - Address       : 10.111.59.72
      Assign Method : dynamic
  + IPv6
    - Address       : fe80::250:56ff:fe80:3b82
      Assign Method : static
+ docker0
  + IPv4
    - Address       : 172.17.0.1
      Assign Method : static
",masoolin-vm-u22.habana-labs.com
High,"Running Kernel level of 5.15.0-75 does not meet the minimum fixed level of 5.15.0-76 for this advisory.

",masoolin-vm-u22.habana-labs.com
High,"Running Kernel level of 5.15.0-75 does not meet the minimum fixed level of 5.15.0-78 for this advisory.

",masoolin-vm-u22.habana-labs.com
High,"Running Kernel level of 5.15.0-75 does not meet the minimum fixed level of 5.15.0-78 for this advisory.

",masoolin-vm-u22.habana-labs.com
High,"Running Kernel level of 5.15.0-75 does not meet the minimum fixed level of 5.15.0-78 for this advisory.

",masoolin-vm-u22.habana-labs.com
High,"Running Kernel level of 5.15.0-75 does not meet the minimum fixed level of 5.15.0-78 for this advisory.

",masoolin-vm-u22.habana-labs.com
High,"Running Kernel level of 5.15.0-75 does not meet the minimum fixed level of 5.15.0-78 for this advisory.

",masoolin-vm-u22.habana-labs.com
High,"Running Kernel level of 5.15.0-75 does not meet the minimum fixed level of 5.15.0-78 for this advisory.

",masoolin-vm-u22.habana-labs.com
,"Gateway Routes:
  ens160:
    ipv4_gateways:
      10.111.56.1:
        subnets:
         - 0.0.0.0/0
Interface Routes:
  docker0:
    ipv4_subnets:
     - 172.17.0.0/16
  ens160:
    ipv4_subnets:
     - 10.111.56.0/21
    ipv6_subnets:
     - fe80::/64
",masoolin-vm-u22.habana-labs.com
High,"Running Kernel level of 5.15.0-75 does not meet the minimum fixed level of 5.15.0-82 for this advisory.

",masoolin-vm-u22.habana-labs.com
High,"Running Kernel level of 5.15.0-75 does not meet the minimum fixed level of 5.15.0-82 for this advisory.

",masoolin-vm-u22.habana-labs.com
High,"Running Kernel level of 5.15.0-75 does not meet the minimum fixed level of 5.15.0-82 for this advisory.

",masoolin-vm-u22.habana-labs.com
High,"Running Kernel level of 5.15.0-75 does not meet the minimum fixed level of 5.15.0-82 for this advisory.

",masoolin-vm-u22.habana-labs.com
High,"Running Kernel level of 5.15.0-75 does not meet the minimum fixed level of 5.15.0-82 for this advisory.

",masoolin-vm-u22.habana-labs.com
High,"Running Kernel level of 5.15.0-75 does not meet the minimum fixed level of 5.15.0-82 for this advisory.

",masoolin-vm-u22.habana-labs.com
High,"Running Kernel level of 5.15.0-75 does not meet the minimum fixed level of 5.15.0-82 for this advisory.

",masoolin-vm-u22.habana-labs.com
High,"Running Kernel level of 5.15.0-75 does not meet the minimum fixed level of 5.15.0-82 for this advisory.

",masoolin-vm-u22.habana-labs.com
High,"Running Kernel level of 5.15.0-75 does not meet the minimum fixed level of 5.15.0-82 for this advisory.

",masoolin-vm-u22.habana-labs.com
High,"Running Kernel level of 5.15.0-75 does not meet the minimum fixed level of 5.15.0-82 for this advisory.

",masoolin-vm-u22.habana-labs.com
High,"Running Kernel level of 5.15.0-75 does not meet the minimum fixed level of 5.15.0-82 for this advisory.

",masoolin-vm-u22.habana-labs.com
